#{"t_start": 1615655101.406407, "env_id": "LunarLanderContinuous-v2"}
r,l,t
-170.726377,101,11.311962
-362.183198,97,11.372553
-307.348492,124,11.445659
-77.571428,76,11.495882
-228.792326,87,11.549679
-259.82063,96,11.60557
-108.624404,108,11.672062
-361.679983,106,11.737014
-258.823346,107,11.803144
-259.81379,142,12.957868
-315.531195,103,14.866536
-302.163739,164,17.897161
-311.746099,116,20.032197
-86.837838,115,22.115875
-498.402798,116,24.210118
-434.520923,139,26.747855
-196.846311,106,28.696486
-67.908707,119,30.887681
-68.831815,81,32.3567
-44.437861,108,34.341148
-229.982652,112,36.386982
-149.119206,132,38.780072
-112.680593,115,40.888163
-268.894172,110,42.925799
-212.662661,126,45.208297
-32.743127,152,47.970704
-144.337071,126,50.22948
-138.396323,127,52.61636
-19.297142,80,54.090623
16.289044,85,55.634124
-13.440493,107,57.588268
-207.799841,96,59.306393
-130.685616,131,61.720098
-115.006893,125,63.948867
-115.655634,69,65.183867
-52.260974,138,67.70885
-158.564806,592,78.964821
-99.329499,1000,100.486928
60.627523,1000,122.086095
117.201275,1000,142.680837
84.509091,1000,162.794901
85.510403,1000,182.870115
116.969094,1000,203.325789
117.703239,1000,223.349023
95.394381,1000,242.919539
252.023152,365,249.896247
210.162095,934,268.542611
275.103217,952,287.066199
280.475746,710,300.691848
263.285169,250,305.32075
3.965658,1000,325.104921
247.095931,197,328.700665
62.383289,1000,347.867115
299.225951,376,354.992644
248.887453,182,358.276946
265.680476,208,362.01804
258.857435,223,366.042641
256.026095,189,369.472373
78.021414,1000,389.034195
287.160063,255,393.70022
-0.710752,1000,414.566149
194.05874,919,433.686274
302.808944,287,438.95338
273.274391,694,452.361009
287.816687,240,456.782775
258.560266,244,461.241722
245.815562,193,464.776515
291.470951,216,468.795311
271.782231,261,473.626681
255.093675,283,478.897525
302.112866,250,483.519291
271.494412,211,487.403914
275.631522,254,492.056251
287.359925,232,496.275388
265.462212,211,500.110423
248.387102,167,503.166574
241.296746,308,508.947364
280.292258,246,513.481175
65.888605,1000,533.179188
36.640164,1000,554.798023
61.48233,1000,574.489498
66.60672,1000,595.592641
59.351617,1000,616.82903
39.95542,1000,637.066865
65.447322,1000,656.839333
103.379942,1000,677.905903
126.366163,1000,697.887513
55.855332,1000,719.010249
4.417013,1000,740.178399
51.985683,1000,760.667704
55.641412,1000,781.453779
49.667459,1000,802.786247
250.348687,284,808.064682
86.769122,1000,829.250573
20.089956,1000,849.801112
269.119723,417,857.542374
250.448485,404,865.100579
257.795461,295,870.521933
248.6741,230,874.685509
291.110847,201,878.391908
287.130888,432,886.580935
260.019313,249,891.139539
268.299538,203,894.869513
276.720808,218,898.869963
292.615601,360,905.668317
269.943049,298,911.178519
265.083204,171,914.330317
235.013026,199,917.928001
291.139967,360,924.674755
259.683251,242,929.152345
259.999726,311,935.006218
278.467707,361,941.714893
105.453408,1000,961.24256
221.240363,313,967.088886
281.363031,273,972.205199
266.489056,293,977.559614
173.567207,699,991.865649
262.263785,192,995.379612
287.166668,350,1002.01346
287.432534,208,1005.780848
277.762702,192,1009.286361
275.011468,166,1012.310796
292.096989,416,1020.184415
250.691032,206,1023.950603
292.617498,291,1029.292192
285.214142,203,1032.991874
251.61968,201,1036.593831
308.199065,214,1040.535795
304.814976,235,1044.89427
305.131513,211,1048.784091
294.393237,252,1053.396328
291.182365,240,1057.767527
261.715573,208,1061.54818
237.201908,184,1064.90108
291.545083,208,1068.65739
202.784204,814,1085.633024
252.177696,279,1090.845878
307.629575,259,1095.520396
272.02114,363,1102.351434
249.032582,163,1105.278199
255.417573,166,1108.321042
286.39214,461,1117.116861
255.785588,545,1127.733788
284.490309,212,1131.549907
255.140522,390,1138.8556
229.414905,621,1151.053355
278.631147,212,1154.935436
276.041813,201,1158.550728
288.340698,192,1162.061366
291.738849,239,1166.397482
291.445097,193,1169.983819
270.927383,154,1172.781272
253.169852,190,1176.291823
279.750846,167,1179.291164
250.53735,644,1191.976335
290.716638,234,1196.290914
271.247353,209,1200.153527
278.916846,171,1203.284907
255.318154,171,1206.359808
281.090738,202,1210.065457
257.310951,281,1215.353238
303.413976,252,1219.99047
297.715517,267,1224.942423
289.459346,253,1229.575087
289.574597,220,1233.577933
250.955367,370,1240.733101
251.295169,176,1243.941555
263.366468,232,1248.216087
296.623898,222,1252.284044
281.360421,183,1255.544111
304.137691,204,1259.265016
245.523208,250,1263.835169
309.438726,265,1268.639501
217.201844,932,1287.181163
265.667114,204,1290.896259
291.161325,226,1294.961712
236.968711,340,1301.291397
270.815414,193,1304.766333
277.452806,189,1308.183961
264.528572,215,1312.058879
275.856512,205,1315.705151
-18.422985,1000,1336.456184
262.285822,175,1339.620668
274.521783,192,1343.059387
304.589365,214,1346.961025
302.216807,213,1350.788327
253.217373,187,1354.126675
298.077711,229,1358.327034
303.614313,193,1361.871843
310.59039,259,1366.498771
267.205894,191,1369.905908
286.389922,197,1373.419971
259.259978,166,1376.411668
288.382217,260,1381.132481
249.599799,167,1384.092741
288.649474,212,1387.925956
258.320767,244,1392.371552
264.410489,325,1398.38788
233.445193,325,1404.397681
272.310638,210,1408.205829
292.320209,227,1412.315421
249.38017,176,1415.451255
243.307467,161,1418.338866
289.458871,216,1422.232866
276.442361,199,1425.816339
284.082666,213,1429.648342
276.729627,188,1433.03705
267.849095,163,1435.990496
263.669788,165,1438.949694
244.511121,174,1442.049781
272.01796,243,1446.462159
283.320997,201,1450.130581
281.63975,211,1453.986499
245.09825,239,1458.413055
286.650039,242,1462.888043
278.286722,222,1466.938212
276.337906,176,1470.134988
262.28626,193,1473.688783
285.68226,194,1477.259449
266.577564,189,1480.725704
265.438297,167,1483.776943
274.623981,202,1487.480585
292.481083,192,1490.938584
279.173934,178,1494.189969
296.294493,299,1499.791415
293.470555,252,1504.491611
295.010165,176,1507.734745
280.99334,210,1511.585113
253.381477,186,1514.961905
159.571549,933,1533.779459
295.25772,218,1537.781923
289.161494,192,1541.33339
288.216718,210,1545.186693
301.112836,184,1548.549358
275.492021,172,1551.633544
249.330815,156,1554.458068
297.504475,292,1559.814182
279.915074,193,1563.281697
245.801423,250,1567.894407
281.530064,163,1570.804156
275.518772,200,1574.472578
245.318929,456,1583.219278
250.25601,197,1586.779269
271.325423,152,1589.539045
283.447129,176,1592.687049
291.117357,180,1595.956893
61.565341,1000,1616.538677
278.332884,464,1625.251902
303.402221,231,1629.468991
299.586363,283,1634.684778
277.429608,196,1638.270391
292.071794,327,1644.338383
287.837147,217,1648.29225
285.077804,178,1651.529565
303.226542,246,1655.997366
257.298964,223,1660.079342
298.756435,339,1666.422146
271.734635,189,1669.833759
277.805548,201,1673.459415
288.651736,183,1676.778578
255.787633,195,1680.303018
276.382577,152,1682.994052
288.209279,204,1686.673561
25.418685,1000,1706.913988
290.53617,202,1710.577095
296.95877,292,1715.957247
266.07479,177,1719.149881
282.847919,161,1722.037573
243.917809,171,1725.156439
282.124337,491,1734.366888
246.484371,192,1737.818756
274.147952,210,1741.570829
301.193752,193,1745.085153
298.946897,188,1748.460838
268.129324,236,1752.759101
255.374839,380,1759.805366
288.174439,545,1770.073415
241.125844,177,1773.271173
288.906455,167,1776.284282
243.805499,420,1784.078518
242.593533,224,1788.189485
301.253435,409,1795.636964
286.592974,240,1799.903721
296.274391,229,1804.040551
236.107224,442,1812.256551
284.397052,220,1816.268964
318.499685,227,1820.385299
271.320604,365,1827.180062
277.016961,193,1830.578959
282.748179,232,1834.759422
285.95169,188,1838.197147
287.572877,184,1841.488503
219.369532,375,1848.5278
203.446929,649,1860.953666
264.849929,299,1866.390565
267.165396,238,1870.66555
283.130644,202,1874.240728
299.895285,319,1880.089555
310.194394,223,1884.088664
310.733373,222,1888.133451
286.856374,213,1891.951412
300.596591,344,1898.287146
-654.623207,943,1918.17309
233.628963,349,1924.499731
304.732431,225,1928.560749
254.01873,203,1932.215642
294.285303,199,1935.756648
283.602429,171,1938.830533
302.280757,215,1942.719558
305.938159,237,1947.003386
286.825283,188,1950.373823
279.711174,197,1953.939482
280.904686,189,1957.350993
297.47809,198,1960.934381
288.235555,230,1965.090093
288.988058,188,1968.499448
293.728767,206,1972.209089
296.8541,212,1976.058923
270.180807,185,1979.385625
278.78532,198,1982.974102
284.707841,207,1986.718457
248.345403,182,1989.954172
288.489424,246,1994.413866
271.39235,200,1998.011788
285.243692,215,2001.895223
278.676956,184,2005.194757
261.061239,179,2008.456067
272.12913,310,2014.114378
293.957335,216,2018.012927
285.503247,188,2021.37811
275.784703,196,2024.954797
266.383807,190,2028.394053
278.406202,216,2032.259701
244.365434,158,2035.074131
298.553723,193,2038.597878
263.31521,230,2042.794654
289.008929,215,2046.691438
291.784259,176,2049.888485
289.148502,215,2053.757559
278.060633,197,2057.299356
298.440374,204,2061.017905
266.913875,200,2064.652207
296.659347,184,2067.986973
289.124507,265,2072.831066
246.080968,166,2075.819918
270.684955,202,2079.471807
237.28189,211,2083.301661
298.854821,224,2087.389023
269.502288,160,2090.293105
248.495054,194,2093.766874
277.391634,212,2097.570665
208.068082,837,2114.141457
271.79795,264,2119.003698
273.950165,214,2122.890798
259.66061,535,2132.815063
284.892725,245,2137.297896
280.435722,215,2141.151072
294.292001,209,2144.993513
260.163899,459,2153.637394
281.321702,499,2162.983829
240.056768,558,2173.615721
300.939636,389,2180.835605
303.154252,220,2184.820022
241.177328,571,2195.797222
252.609513,163,2198.758225
285.803844,229,2202.896918
296.034462,226,2206.994648
283.900587,194,2210.507556
273.656385,183,2213.803203
263.446186,204,2217.467851
281.170579,200,2221.077129
282.675643,206,2224.728406
246.687239,829,2241.084579
281.629179,186,2244.373612
297.41225,173,2247.474353
267.13159,176,2250.630739
281.307512,177,2253.857779
299.472109,227,2257.96066
303.698536,191,2261.416806
278.697457,205,2265.139959
288.212127,205,2268.828618
271.525474,189,2272.221324
271.185377,224,2276.266189
277.088612,348,2282.623117
286.165492,189,2286.003632
246.854525,169,2288.962861
259.423357,176,2292.101907
269.105173,240,2296.53911
286.332719,208,2300.359939
289.694415,211,2304.180385
272.397209,192,2307.645373
275.827965,201,2311.287282
244.694039,173,2314.410994
-486.726083,249,2318.878843
293.085448,210,2322.64492
284.520152,172,2325.746502
288.258137,216,2329.628322
280.264826,196,2333.166347
246.646831,180,2336.40645
-487.41342,295,2341.789007
293.701537,215,2345.65918
291.100183,207,2349.388356
280.605805,189,2352.787524
290.534029,188,2356.210247
265.752088,703,2369.897683
291.626104,424,2377.852484
307.866299,194,2381.35714
266.17317,589,2392.567235
261.823292,197,2396.108379
285.754968,430,2404.065714
215.99915,622,2415.705862
260.982459,183,2418.9797
281.297496,190,2422.360632
269.54691,156,2425.118419
268.101725,639,2437.096697
306.015913,227,2441.170699
300.341043,214,2445.056048
271.18141,206,2448.712988
271.447616,189,2452.105767
285.252949,174,2455.246856
300.231614,219,2459.193098
261.6322,196,2462.665148
271.28378,184,2465.976276
270.063049,186,2469.2961
283.299373,416,2477.056436
288.224644,208,2480.760001
280.928995,191,2484.156755
299.062142,177,2487.348966
302.406298,193,2490.806802
297.286026,190,2494.199643
273.122556,159,2497.102424
283.146978,213,2500.962331
303.889595,191,2504.378464
292.647036,212,2508.221143
244.200353,176,2511.361023
254.216274,179,2514.581303
262.458498,180,2517.818928
292.614296,188,2521.234231
278.384683,196,2524.757566
288.758943,194,2528.272489
272.519135,184,2531.618089
281.644913,194,2535.13082
302.343946,206,2538.868083
237.413049,162,2541.79792
317.341942,232,2545.966614
289.561847,201,2549.617724
303.346292,254,2554.176588
201.455519,519,2564.260945
247.128836,175,2567.463863
255.662892,166,2570.484667
295.014381,281,2575.606543
274.352113,196,2579.151985
297.198403,216,2583.058911
-978.124324,325,2589.072102
274.518774,194,2592.531785
277.71515,208,2596.303042
319.156204,224,2600.382975
289.486229,188,2603.799442
273.931039,198,2607.352493
277.094555,265,2612.117093
292.356595,209,2615.967912
214.114527,519,2626.018361
-431.481609,300,2631.653307
272.389697,210,2635.426842
236.86836,164,2638.364956
291.300735,210,2642.237305
272.385703,188,2645.678584
284.590667,169,2648.799561
266.223445,162,2651.71753
302.880925,203,2655.38368
301.293523,249,2659.94379
285.270383,222,2664.06082
270.844914,196,2667.63934
252.824122,193,2671.154459
296.334866,239,2675.580474
287.848698,228,2679.811225
288.948139,178,2683.122584
186.038257,624,2695.397694
294.903856,227,2699.622063
291.198371,319,2705.552396
296.986815,247,2710.090463
285.802874,215,2714.008306
287.312008,208,2717.799981
294.794815,170,2720.905619
275.454979,195,2724.418676
299.385484,210,2728.24462
291.194474,213,2732.077774
288.814869,216,2736.016039
275.917098,210,2739.822032
274.641759,189,2743.276543
293.121011,187,2746.704043
277.384594,196,2750.241992
273.160709,195,2753.703504
280.934543,161,2756.614
262.903263,281,2761.737472
257.823541,283,2766.961121
295.318445,177,2770.16985
294.956954,238,2774.460071
264.862383,173,2777.572066
290.903677,214,2781.42974
290.903815,228,2785.62341
280.078306,200,2789.20787
197.932169,625,2801.161218
275.870431,205,2804.911402
268.26439,192,2808.420385
250.843504,185,2811.780742
229.949006,365,2818.617956
284.362371,421,2826.584794
307.594143,190,2830.048578
264.559791,187,2833.426347
274.822497,222,2837.526711
267.640895,173,2840.616143
290.611617,199,2844.239596
300.897318,202,2847.864584
251.296961,162,2850.757665
292.562727,238,2855.078773
251.527963,186,2858.413374
310.719912,266,2863.348079
280.094363,219,2867.344038
269.072464,193,2870.894094
312.181587,250,2875.480244
255.700142,184,2878.791166
301.338918,218,2882.812304
297.593518,173,2885.994808
284.532648,241,2890.366421
291.62737,228,2894.577287
301.738594,184,2897.920798
281.870092,222,2902.013857
278.661234,201,2905.652234
306.130868,201,2909.330233
306.63165,199,2912.964229
294.303289,182,2916.282715
253.40671,204,2919.963304
250.611884,179,2923.277528
286.678655,212,2927.219445
276.061902,198,2930.793587
246.965648,164,2933.767707
289.032519,217,2937.733593
281.124757,193,2941.222181
276.709642,190,2944.68429
260.271459,168,2947.771375
286.926289,274,2952.851723
288.958967,231,2957.066378
304.579877,204,2960.78822
272.238439,173,2963.891406
288.219123,212,2967.750692
273.125284,166,2970.767359
282.691565,203,2974.417066
262.926149,174,2977.566034
293.973556,185,2980.922982
304.09633,249,2985.530812
248.942184,177,2988.732072
295.293644,309,2994.42871
280.373325,215,2998.337595
298.875047,185,3001.711865
258.969507,171,3004.787209
289.625437,203,3008.404503
296.685018,177,3011.652375
287.374062,233,3015.870167
302.074647,165,3018.849283
282.080182,171,3021.997667
293.719457,243,3026.444991
299.534439,231,3030.69624
297.277372,205,3034.466851
289.053949,226,3038.565358
254.187161,157,3041.420225
252.056124,171,3044.522268
283.932931,170,3047.587209
303.532656,217,3051.531704
283.263797,202,3055.214695
279.688135,201,3058.865242
269.550687,179,3062.103551
292.679893,183,3065.410955
280.487039,203,3069.070625
238.832204,374,3075.988217
264.122573,174,3079.1524
287.502769,188,3082.589784
273.141768,206,3086.314531
283.385739,164,3089.262145
283.312347,180,3092.542567
285.82483,185,3095.911345
282.179498,216,3099.848059
308.92235,239,3104.24821
279.03667,163,3107.24831
287.053655,157,3110.082458
272.268145,242,3114.491632
285.075046,217,3118.418252
296.206532,242,3122.783936
289.211193,211,3126.645083
300.627202,243,3131.034966
283.391286,177,3134.225644
275.826081,219,3138.209113
271.126721,167,3141.262961
275.954847,189,3144.70149
284.519292,223,3148.71715
288.643266,239,3153.031914
271.89418,194,3156.49847
271.404713,169,3159.563569
295.580733,172,3162.693085
274.067369,208,3166.478828
238.972545,251,3171.108348
285.292856,167,3174.107813
249.204525,176,3177.241114
270.095604,181,3180.466959
288.732053,174,3183.584302
-436.29794,514,3193.414854
253.960751,221,3197.358807
287.046556,213,3201.159201
281.947432,221,3205.123281
303.303822,231,3209.289323
276.461461,194,3212.720319
259.634537,169,3215.740668
294.587831,201,3219.353795
289.857177,171,3222.458831
282.27021,218,3226.399688
280.902123,195,3229.940237
256.938932,169,3232.956619
284.482755,186,3236.270759
291.233483,226,3240.383232
258.640587,160,3243.266331
-327.995588,693,3256.665031
281.034828,194,3260.172655
291.02956,211,3263.980278
284.099945,197,3267.474401
276.332761,168,3270.491298
264.72444,190,3273.913224
66.620734,1000,3293.476544
302.543482,246,3297.911392
267.176435,198,3301.459529
297.432783,235,3305.65452
277.384845,186,3308.960099
297.684661,235,3313.169779
279.045813,223,3317.210278
284.157489,273,3322.213047
289.129537,204,3325.871979
275.114535,167,3328.868862
286.013362,190,3332.305625
278.161942,206,3335.976279
273.84121,196,3339.442572
309.924506,201,3343.08638
255.406726,330,3349.113668
286.359786,184,3352.453056
267.731865,186,3355.756726
266.231984,184,3359.008338
310.716291,251,3363.561919
43.906859,1000,3383.608819
281.742376,164,3386.546359
231.656975,599,3398.03678
298.131333,209,3401.770226
8.7119,1000,3422.192317
71.595123,1000,3442.527071
255.250096,171,3445.564014
29.061677,1000,3466.065918
267.02038,191,3469.526082
56.558702,1000,3490.680049
289.453681,233,3494.93263
304.917632,216,3498.860368
178.924762,969,3518.665045
276.630016,475,3527.615569
285.406983,210,3531.41669
262.269453,371,3538.358944
266.130103,191,3541.804526
303.859531,226,3545.925968
271.792067,194,3549.447139
105.195749,1000,3568.236521
295.559454,166,3571.225819
61.491163,1000,3592.840248
219.886306,479,3601.922891
257.641744,186,3605.280387
262.481785,188,3608.682723
267.266381,390,3616.078871
169.911689,738,3630.215862
288.672674,204,3634.020192
305.701157,225,3638.245083
306.820344,212,3642.242308
147.526412,443,3650.687121
53.570835,1000,3671.613354
284.05291,210,3675.439829
272.52884,183,3678.770894
289.813375,161,3681.702825
277.676593,203,3685.428966
256.336287,193,3688.948898
274.619006,177,3692.180953
303.358914,243,3696.648988
317.518312,213,3700.575459
265.419739,169,3703.703297
271.711619,219,3707.716282
267.213285,211,3711.535241
302.622979,234,3715.868448
256.959874,167,3718.91238
266.460325,193,3722.422409
276.538067,180,3725.696007
302.826404,204,3729.445911
281.297396,202,3733.139831
293.284703,244,3737.526951
264.956705,188,3740.924693
301.279231,222,3744.995782
273.408327,166,3747.962976
289.832874,175,3751.174768
276.321882,202,3754.839679
289.814135,195,3758.414919
285.320437,190,3761.909656
302.010436,231,3766.133401
264.905642,198,3769.745218
283.988085,168,3772.800185
263.150906,188,3776.214118
307.35726,220,3780.227102
286.539689,224,3784.339606
298.815016,202,3788.070242
295.8949,217,3792.06186
287.428962,187,3795.485471
280.490167,196,3799.069978
227.861826,189,3802.552673
268.211772,176,3805.766013
283.113533,191,3809.27741
286.740699,202,3812.912879
278.230585,187,3816.319449
270.672923,167,3819.35233
269.123102,210,3823.196749
276.057425,205,3826.937084
233.022602,184,3830.292282
258.1739,185,3833.701266
242.589577,569,3844.747379
291.532575,196,3848.349695
252.205063,526,3858.404077
289.684933,188,3861.813805
280.02505,200,3865.520029
276.268225,187,3868.908989
280.637266,205,3872.634479
289.726124,204,3876.381658
270.419195,192,3879.837254
285.715943,455,3888.505825
264.362208,324,3894.43862
249.756404,287,3899.718686
307.249823,192,3903.238514
274.578551,199,3906.854554
262.484188,157,3909.672018
283.52552,165,3912.645829
312.388872,183,3915.997719
246.346899,171,3919.089263
254.694462,199,3922.724275
297.172137,222,3926.733785
274.782936,212,3930.577716
271.001867,159,3933.466893
247.893897,170,3936.536331
245.367676,169,3939.598698
263.8467,189,3943.033334
315.206255,262,3947.836708
257.67185,194,3951.371751
246.196166,168,3954.39326
283.181008,177,3957.680486
313.073781,242,3962.110838
247.231142,168,3965.166389
278.221998,192,3968.632048
253.630122,161,3971.541175
306.136918,206,3975.27031
280.392089,193,3978.74468
249.213109,173,3981.835065
274.869536,194,3985.355218
289.510992,214,3989.281207
288.538402,167,3992.336487
297.896285,265,3997.23331
300.424215,217,4001.136703
301.389574,194,4004.646147
272.25028,189,4008.106703
286.678325,218,4012.051818
280.69432,214,4015.942511
259.727394,179,4019.175406
279.677852,193,4022.659867
290.340236,214,4026.533845
278.834361,168,4029.611809
256.828609,173,4032.734171
288.694476,177,4035.960145
307.51864,203,4039.623747
290.937925,176,4042.847298
293.231203,208,4046.615982
291.602036,177,4049.830669
276.617212,176,4053.057033
281.636066,197,4056.641658
246.113371,173,4059.722346
273.61265,187,4063.141393
302.639631,210,4066.935465
312.321668,260,4071.711365
306.365372,230,4075.874581
309.351845,242,4080.199376
298.850791,207,4083.977651
314.663454,272,4088.999898
305.859351,267,4093.853133
266.055147,191,4097.258219
282.729901,210,4101.062598
310.022652,203,4104.759285
287.5982,224,4108.841551
312.041112,218,4112.822665
287.767811,202,4116.505272
264.311639,196,4120.087801
296.191537,207,4123.867264
249.135071,203,4127.544894
287.930609,183,4130.853264
313.231414,262,4135.609855
262.1058,172,4138.691026
285.995345,230,4142.866609
269.840435,171,4145.953591
277.151073,168,4149.028523
298.842264,170,4152.103072
285.654451,184,4155.437709
261.816641,167,4158.440902
261.548455,206,4162.171418
297.08419,309,4167.869836
291.678492,185,4171.218501
245.630609,154,4173.982159
284.423116,226,4178.1228
304.146555,214,4181.982203
268.641009,162,4184.914973
274.348941,201,4188.581546
284.912751,204,4192.279152
303.937283,181,4195.517058
171.490088,915,4213.391931
290.581761,224,4217.430987
254.297677,154,4220.202313
274.357639,188,4223.626611
239.392275,178,4226.855961
278.32898,149,4229.517005
259.847577,180,4232.748017
275.972324,206,4236.455651
281.473479,181,4239.73412
297.910336,199,4243.319563
285.058006,224,4247.356119
304.021205,200,4250.990807
300.441563,209,4254.784278
253.511316,170,4257.824646
252.437514,174,4260.932323
264.915838,180,4264.12987
246.125878,164,4267.042638
294.059224,236,4271.278924
283.674052,201,4274.907903
276.652079,202,4278.51984
284.092955,206,4282.250037
272.637988,147,4284.897888
294.872842,185,4288.280741
247.566611,152,4291.020978
252.583054,234,4295.294415
274.705944,179,4298.546987
260.131905,185,4301.891415
258.56397,182,4305.143145
253.37758,183,4308.467927
169.214444,601,4320.378241
304.996069,192,4323.847204
281.087396,177,4327.062774
277.715659,183,4330.386252
275.919823,200,4334.016524
300.045793,189,4337.461204
283.983245,211,4341.275243
246.522214,176,4344.470522
285.365994,225,4348.579515
287.965997,211,4352.423174
315.069391,233,4356.674583
275.672747,172,4359.81015
287.376379,232,4364.02654
258.716087,153,4366.756289
291.012384,214,4370.702229
262.874957,172,4373.863049
277.204078,172,4376.955428
289.748765,250,4381.529312
244.986115,165,4384.467203
301.617519,224,4388.527402
302.733743,182,4391.859109
288.489619,170,4394.958721
305.929938,178,4398.180214
260.666516,174,4401.333287
276.881412,196,4404.902234
274.340542,202,4408.550693
293.037716,202,4412.26564
302.775205,198,4415.907912
276.578498,207,4419.65272
286.04806,171,4422.768333
269.36873,176,4425.915826
267.134513,195,4429.424354
270.6464,359,4436.030425
267.50203,294,4441.432152
285.755578,196,4444.989007
268.131706,555,4455.654994
280.275548,196,4459.225724
267.752284,487,4468.383345
252.481677,633,4480.431546
192.311644,674,4494.125358
273.864604,300,4499.581703
303.00873,240,4503.867105
251.099104,198,4507.458769
280.881299,199,4511.075584
240.714686,153,4513.85629
253.26776,153,4516.611516
246.984267,165,4519.581166
253.789727,185,4522.870337
295.724929,212,4526.712212
263.452636,179,4529.926492
256.062905,169,4532.930642
278.011882,186,4536.295656
289.991612,221,4540.246965
287.910152,217,4544.18977
288.570401,209,4547.997817
234.157831,160,4550.842755
280.479704,190,4554.2614
239.371829,332,4560.376074
304.618673,204,4564.105609
293.097573,223,4568.194414
263.13089,184,4571.569942
277.302694,210,4575.444536
262.596361,183,4578.742296
299.895743,362,4585.361965
297.515478,216,4589.281122
293.50546,202,4592.918373
276.041746,163,4595.859902
288.608557,219,4599.864339
298.752493,209,4603.663426
290.644009,231,4607.890751
248.206542,566,4618.584951
257.181043,191,4622.05101
299.999594,224,4626.080143
289.97657,230,4630.271453
192.855596,889,4648.351569
297.1027,183,4651.694607
310.776304,201,4655.351271
242.623906,161,4658.269345
244.426059,175,4661.412973
305.318803,202,4665.091917
250.294024,171,4668.221217
308.491426,246,4672.761761
296.765056,157,4675.627405
302.723932,206,4679.391659
302.661147,208,4683.220809
298.372582,196,4686.821366
301.711207,225,4690.929598
298.765672,199,4694.606769
321.230578,218,4698.568704
277.689586,177,4701.762732
284.604581,170,4704.813877
261.821193,161,4707.743595
278.32778,176,4710.966399
281.915101,208,4714.769518
304.762655,198,4718.387048
287.864355,202,4722.091375
267.958347,258,4726.796676
265.10929,191,4730.342696
298.787659,277,4735.420453
273.106869,202,4739.075831
298.269003,192,4742.562722
267.75577,183,4745.878542
277.348443,515,4755.597145
245.630703,190,4758.96218
252.302207,536,4768.92055
240.056998,384,4776.086159
276.851779,500,4785.511958
279.682183,206,4789.194804
283.403192,234,4793.414528
247.662755,169,4796.439197
272.554476,434,4804.513674
259.332092,205,4808.233088
269.957453,280,4813.366667
262.359577,204,4817.09768
254.565474,165,4820.078105
281.923609,182,4823.379686
260.428287,186,4826.734669
261.087748,315,4832.530948
295.215344,204,4836.216969
311.307708,223,4840.254337
269.431801,276,4845.321125
271.96368,200,4848.93741
265.616371,177,4852.16851
254.478958,612,4863.756029
314.655495,218,4867.728168
252.277189,423,4875.708923
196.114946,696,4889.480357
262.171425,274,4894.469086
262.734745,361,4901.208989
268.390077,173,4904.31847
295.158394,205,4908.070156
280.851001,201,4911.712726
278.575156,215,4915.590523
263.849049,145,4918.214084
273.838894,200,4921.796338
279.573998,208,4925.524062
250.158734,178,4928.727237
286.919299,189,4932.133398
245.68087,184,4935.466353
301.693092,211,4939.268958
285.58208,207,4943.016781
312.336181,192,4946.487137
292.457462,201,4950.117315
267.995616,196,4953.630169
302.006449,207,4957.373246
229.386487,306,4963.044943
263.679911,316,4968.891841
254.91453,445,4977.191844
238.310796,168,4980.200066
265.981295,514,4989.53582
288.385195,215,4993.432841
233.908935,410,5001.098724
301.315448,214,5005.016126
258.576563,186,5008.367278
268.169716,175,5011.543571
297.29233,205,5015.260127
278.57978,447,5023.603399
272.72623,193,5027.091768
269.732357,183,5030.385726
269.998323,161,5033.319585
211.687847,433,5041.530148
260.793791,185,5044.880212
247.182802,200,5048.532401
264.265269,399,5055.983737
259.683085,736,5070.017645
286.815394,221,5074.047256
260.629599,186,5077.360696
280.002885,488,5086.537182
284.442845,315,5092.309277
265.900349,317,5098.041756
291.83836,242,5102.446995
281.194487,212,5106.274778
270.009126,420,5114.085139
289.721837,195,5117.625908
264.515868,186,5120.973988
264.840418,184,5124.313334
270.025632,157,5127.155888
318.190905,226,5131.247166
264.83618,197,5134.832515
286.617986,208,5138.644027
280.460697,488,5147.931084
305.511826,312,5153.6408
302.054872,194,5157.169259
247.844642,658,5169.67222
260.485797,189,5173.16064
264.382922,224,5177.26211
289.490455,215,5181.14917
259.072355,314,5186.980832
238.441853,468,5195.84476
282.974298,378,5202.954098
233.005357,447,5211.249423
251.698725,178,5214.424929
264.887928,183,5217.724366
270.799832,561,5228.141946
297.440708,222,5232.1555
258.367816,311,5237.918789
288.663535,229,5242.136258
271.668431,187,5245.533517
292.647805,264,5250.412926
254.685109,161,5253.334726
283.569337,234,5257.624392
246.049626,343,5264.035491
269.363975,175,5267.205295
283.09194,208,5270.987301
269.28492,206,5274.757207
273.792073,215,5278.654011
254.163991,265,5283.559547
198.77339,484,5292.57594
295.627858,235,5296.806344
263.576726,210,5300.57545
253.661687,160,5303.509342
260.614897,163,5306.44225
287.421649,174,5309.582581
241.232738,222,5313.628543
257.991229,186,5316.963795
251.8867,222,5320.995972
257.954388,184,5324.340353
242.134995,163,5327.285061
309.564623,188,5330.747787
282.910113,161,5333.701508
250.908118,208,5337.485637
312.297234,195,5340.993418
286.080651,224,5345.035573
284.068792,162,5347.957377
249.024005,168,5351.004403
287.902704,221,5355.037384
278.76978,216,5358.907757
278.352814,212,5362.689858
269.691462,201,5366.324471
265.073923,191,5369.79575
285.367917,172,5372.922124
295.736236,221,5376.93123
305.75154,198,5380.519171
268.418836,213,5384.407269
251.865752,211,5388.255677
300.666721,229,5392.39763
267.203756,196,5395.944348
262.389355,191,5399.364281
268.535289,377,5406.493412
286.358955,174,5409.666878
288.995758,182,5412.970457
282.374844,208,5416.736749
276.017676,206,5420.437439
296.930314,213,5424.302885
281.065132,156,5427.127926
282.471876,210,5430.966891
287.749125,155,5433.774256
284.0974,213,5437.642843
269.700882,175,5440.827708
254.80926,206,5444.550945
268.505396,196,5448.138696
257.769039,191,5451.599712
309.363138,209,5455.381397
266.685666,189,5458.746361
272.05062,210,5462.577088
247.079514,370,5469.392875
275.899735,158,5472.273439
291.008344,171,5475.373324
305.957152,200,5479.008787
285.509808,177,5482.167118
283.546264,196,5485.703082
273.254203,211,5489.534912
284.136359,213,5493.386093
299.792606,221,5497.350003
283.030078,157,5500.22011
259.302396,173,5503.413395
244.512131,168,5506.454303
292.376216,166,5509.46123
244.924524,189,5512.885929
274.720781,177,5516.092589
248.813354,200,5519.704699
276.054002,170,5522.745012
303.5801,237,5527.014994
163.888689,957,5546.596085
244.24162,170,5549.655561
294.708975,191,5553.170405
267.200292,172,5556.307673
245.342451,172,5559.412022
264.46291,194,5562.939325
269.399816,198,5566.491292
286.285441,190,5569.971854
287.659425,351,5576.543312
285.692458,217,5580.504034
246.550636,250,5585.075153
279.626169,209,5588.874253
308.008918,208,5592.691724
275.128662,207,5596.461219
256.087786,167,5599.51106
246.816832,175,5602.675444
278.536915,207,5606.385482
283.356481,175,5609.565403
282.855601,169,5612.676606
249.150598,174,5615.865233
301.76484,182,5619.202836
305.641215,219,5623.21917
291.057628,219,5627.198133
260.448124,184,5630.523864
302.366815,212,5634.398758
280.890476,191,5637.855108
273.791478,198,5641.393447
303.937912,233,5645.639184
269.436763,186,5649.016049
300.045248,194,5652.568618
227.625722,284,5657.774178
252.97709,176,5660.933567
258.78172,162,5663.889256
256.100407,186,5667.255701
294.661552,224,5671.29098
281.698966,190,5674.736951
-2.115761,1000,5694.959687
299.584276,170,5698.063202
237.40182,161,5700.950512
292.52699,218,5704.888738
277.33216,190,5708.361986
315.943923,206,5712.073221
281.822036,154,5714.874434
280.881455,191,5718.317112
281.13384,200,5721.880209
301.415064,205,5725.571258
305.035345,234,5729.822069
302.77642,172,5732.956612
267.047224,166,5735.967605
298.887125,169,5739.065648
240.345596,170,5742.16238
296.321989,184,5745.470298
292.745325,190,5748.920238
295.599293,171,5752.012617
275.836905,166,5755.020994
289.530586,194,5758.53407
277.827378,184,5761.865303
308.508184,221,5765.909677
270.375505,151,5768.661218
294.898924,168,5771.668906
279.375621,182,5774.9578
268.200792,192,5778.408069
304.462873,227,5782.475121
246.872005,172,5785.576781
239.567892,172,5788.629862
279.286656,210,5792.399215
312.333268,210,5796.185729
306.633805,211,5800.003326
266.447727,195,5803.538382
289.054148,165,5806.490315
234.741831,161,5809.32526
270.661653,198,5812.959596
298.748116,167,5815.99525
270.101261,157,5818.84345
281.392852,186,5822.218511
314.213354,205,5825.982072
254.435352,189,5829.403926
265.224637,164,5832.31386
287.900503,181,5835.578677
278.418685,157,5838.450384
286.099054,180,5841.718325
300.49501,206,5845.416501
251.123882,161,5848.326111
297.046893,188,5851.726431
259.623884,183,5855.04538
309.832213,166,5858.04513
284.321638,221,5862.099905
302.208477,222,5866.145274
289.407234,191,5869.612689
173.073855,943,5888.510157
271.753086,161,5891.386619
240.826891,181,5894.636556
295.452715,198,5898.3049
310.168331,186,5901.671311
283.719308,196,5905.2003
267.830933,194,5908.687698
293.640138,183,5911.967255
280.931239,178,5915.205881
271.87767,166,5918.146106
303.424695,249,5922.687408
306.350204,208,5926.452585
256.844589,184,5929.765444
301.300874,217,5933.742015
248.134045,168,5936.764183
304.39935,207,5940.560418
268.010522,190,5944.014795
278.750818,202,5947.667728
265.111691,196,5951.173552
260.989623,182,5954.434824
263.419661,179,5957.62075
253.131307,180,5960.873492
287.397631,177,5964.113139
275.921838,253,5968.732522
250.643905,190,5972.135248
272.88594,162,5975.060988
293.452429,199,5978.667693
309.082662,211,5982.523429
250.409318,203,5986.173516
272.204391,258,5990.859941
285.39487,192,5994.358395
257.43751,182,5997.636816
280.546484,156,6000.459584
264.624553,188,6003.880645
292.372089,217,6007.762866
260.528778,191,6011.206336
302.179658,212,6015.083768
247.061893,181,6018.344218
272.210634,200,6021.918772
266.590363,190,6025.3162
266.72601,171,6028.388774
297.513216,173,6031.523582
295.517887,214,6035.39269
271.140099,209,6039.158036
261.34469,181,6042.424164
255.693077,181,6045.635042
264.806418,160,6048.509566
306.704211,192,6052.000141
242.660551,187,6055.354024
242.651395,200,6058.940161
304.067556,182,6062.2235
280.099717,201,6065.843239
294.948717,224,6069.85673
275.178389,188,6073.276633
274.924238,222,6077.271551
260.515324,236,6081.533803
277.514457,157,6084.361475
251.94226,174,6087.432694
272.642981,201,6091.047243
276.855094,190,6094.444932
271.356852,210,6098.196317
297.151311,226,6102.251256
279.727413,176,6105.410207
285.040631,216,6109.300935
289.614099,167,6112.347398
291.055704,208,6116.0574
281.085793,205,6119.759092
277.60447,174,6122.876245
264.744546,191,6126.300417
269.511841,184,6129.585734
292.398105,238,6133.901285
291.077295,174,6137.026875
270.50038,160,6139.895274
265.781202,178,6143.068979
247.453454,176,6146.207084
293.495547,163,6149.130848
286.497898,214,6152.978079
278.959064,195,6156.470477
286.473102,187,6159.763054
265.640901,181,6163.004103
303.246538,220,6166.974288
302.263121,195,6170.524127
295.324718,236,6174.779221
294.74821,225,6178.872926
301.05736,224,6182.896703
279.100941,175,6186.053471
276.675265,189,6189.456168
277.210736,198,6193.036864
276.864173,220,6197.004938
302.693687,194,6200.561213
292.340939,210,6204.325341
289.422393,201,6207.958736
291.595224,185,6211.298794
269.538889,194,6214.813558
276.436662,174,6217.915731
310.343831,208,6221.630458
271.609431,195,6225.134834
293.810314,193,6228.643053
287.406501,221,6232.620323
257.341549,182,6235.875867
285.396874,199,6239.425443
276.477823,151,6242.10759
319.861824,234,6246.364896
315.244837,256,6251.049674
233.809566,163,6253.933116
290.096415,205,6257.591544
300.058762,231,6261.738259
255.234561,192,6265.198429
264.946044,178,6268.400455
297.911492,171,6271.424792
256.17247,173,6274.522931
302.837622,254,6279.083789
299.020031,197,6282.629791
301.420644,214,6286.536651
52.337188,1000,6306.284463
298.809103,176,6309.466403
268.00243,189,6312.820047
303.502279,207,6316.509933
303.497547,215,6320.372003
298.160878,246,6324.807719
266.997126,189,6328.205667
266.954434,195,6331.688463
285.626611,207,6335.413334
249.125616,186,6338.737426
291.355485,184,6342.05606
250.378748,166,6345.003401
273.03353,197,6348.564808
260.479607,180,6351.780205
264.255947,186,6355.11781
47.707457,1000,6374.926481
294.314584,210,6378.687968
256.580475,158,6381.482794
268.667549,190,6384.875197
308.369095,179,6388.065191
241.69865,250,6392.56587
287.018294,197,6396.110059
291.666741,190,6399.508951
268.333346,182,6402.763695
283.27532,211,6406.535764
251.746714,168,6409.574936
261.156536,203,6413.221363
299.898074,206,6416.910236
273.870931,202,6420.522217
300.987902,205,6424.21114
24.91089,1000,6445.197342
274.698613,187,6448.54054
262.774364,195,6451.991456
306.511774,188,6455.382407
268.953989,180,6458.641341
270.216144,186,6462.035012
268.22741,176,6465.205905
280.378823,182,6468.467401
254.910997,155,6471.265512
284.802971,208,6475.039853
278.422485,209,6478.783579
232.549247,176,6481.91695
252.148258,179,6485.127192
297.824928,191,6488.57104
285.473775,210,6492.35058
275.55581,204,6495.980027
301.375519,202,6499.610449
306.408182,205,6503.265522
264.348493,188,6506.575062
259.768515,175,6509.722555
272.823477,199,6513.309335
240.622084,190,6516.743533
290.732382,204,6520.386828
285.547653,211,6524.209024
281.572474,199,6527.807955
295.137078,207,6531.570697
283.176322,205,6535.233871
298.787704,232,6539.423527
285.65912,218,6543.312106
258.045618,197,6546.881995
275.996772,173,6550.007636
265.151409,200,6553.613363
304.408898,224,6557.668717
261.725759,160,6560.550983
264.569117,211,6564.396029
239.822381,175,6567.481465
257.435161,166,6570.4239
304.774851,263,6575.111914
309.003668,172,6578.205805
280.58315,206,6581.929824
259.086936,196,6585.451682
53.819152,1000,6606.422899
310.546903,193,6609.899183
289.796803,211,6613.735339
272.750014,152,6616.444775
248.627686,203,6620.108001
279.763702,192,6623.51298
290.092487,215,6627.369638
245.225697,169,6630.413786
302.707215,218,6634.371857
315.468015,197,6637.922678
298.523349,193,6641.408554
296.661074,191,6644.88879
300.306652,223,6648.920821
243.502008,173,6652.050195
292.220755,226,6656.122137
260.146306,194,6659.612251
264.68006,184,6662.888259
307.495263,242,6667.288363
243.539574,154,6670.069356
280.876129,201,6673.69433
278.842372,186,6677.039411
316.024808,224,6681.051645
293.888658,221,6685.010352
289.720483,184,6688.308154
308.830835,246,6692.779102
296.81489,174,6695.917871
270.604161,192,6699.389237
287.227993,201,6703.024765
286.227401,217,6706.946614
289.012749,211,6710.72127
254.783648,181,6713.96828
258.978238,184,6717.211119
282.195277,189,6720.581832
282.912698,198,6724.130898
303.374225,215,6728.02282
312.029285,197,6731.578412
291.568755,175,6734.726385
278.707967,196,6738.259222
257.801366,181,6741.481724
288.591649,167,6744.442213
285.460629,191,6747.867091
249.205473,182,6751.148818
303.811078,196,6754.72563
243.975276,205,6758.400387
308.664606,250,6762.889426
272.395764,224,6766.926103
277.900374,163,6769.824533
270.810683,194,6773.291695
255.283111,181,6776.563771
272.672583,203,6780.155206
276.274395,206,6783.840634
290.92283,241,6788.14014
279.768027,184,6791.414752
236.822117,162,6794.318739
265.216198,194,6797.797253
286.733506,159,6800.647192
286.511972,192,6804.03627
270.076667,175,6807.121734
286.772706,164,6810.071873
284.26302,206,6813.785647
270.535336,202,6817.385263
255.915612,161,6820.216147
293.082991,205,6823.908332
285.462495,219,6827.798092
241.443028,165,6830.772071
303.901719,218,6834.679184
283.27626,207,6838.349369
294.793133,216,6842.233958
292.288782,212,6846.042638
296.320327,277,6851.14358
277.93446,204,6854.801517
313.140976,205,6858.515043
266.767031,198,6862.104738
265.227946,175,6865.238915
277.813163,200,6868.824249
287.700151,232,6873.012547
274.458915,187,6876.35522
289.203824,190,6879.769753
295.900959,244,6884.188111
250.904587,183,6887.471316
263.247949,202,6891.108263
251.279132,182,6894.442595
313.717598,223,6898.42679
279.887475,190,6901.777211
264.801231,175,6904.930102
291.251392,177,6908.070644
265.944187,200,6911.669613
263.139462,196,6915.183492
292.667762,199,6918.763044
264.409394,180,6921.965958
275.133155,191,6925.373379
253.793039,181,6928.585719
275.753425,184,6931.836044
276.901141,201,6935.439823
284.335335,166,6938.381884
264.996899,222,6942.343743
266.089508,182,6945.605973
260.238059,191,6949.004416
294.511721,208,6952.707612
288.05385,185,6956.07364
296.418916,220,6960.060621
285.853128,240,6964.360945
287.765124,220,6968.308365
170.989167,657,6981.084674
281.864129,200,6984.699826
292.604757,182,6987.983492
286.214761,212,6991.817272
301.487518,259,6996.468275
255.978416,187,6999.85765
257.5038,182,7003.12407
288.535037,212,7006.909639
253.231722,171,7009.979103
281.369454,147,7012.614678
285.632826,179,7015.840508
284.921121,206,7019.561623
276.556435,208,7023.294996
303.816398,251,7027.804162
316.640136,207,7031.508384
246.586121,383,7038.588002
273.413665,206,7042.223998
300.528261,225,7046.180575
296.100804,192,7049.59182
248.290816,175,7052.699718
250.659733,189,7056.091501
276.526509,205,7059.804015
303.366764,224,7063.822967
295.842306,234,7068.039082
301.812669,215,7071.858639
275.499344,206,7075.544167
296.652966,194,7079.025776
239.355243,173,7082.123382
251.5771,187,7085.467083
278.474454,182,7088.75867
271.867772,196,7092.290942
287.333818,193,7095.736706
291.263185,216,7099.601593
280.211131,193,7103.035918
288.257231,238,7107.34256
265.70387,163,7110.302408
241.387339,176,7113.419462
268.640284,188,7116.812926
256.38344,180,7120.060501
249.202344,260,7124.784104
295.28943,204,7128.430369
260.674226,183,7131.72421
308.807917,218,7135.674938
255.758429,183,7138.965055
263.199109,187,7142.375973
303.578963,202,7146.022473
261.946583,162,7148.956055
273.943916,200,7152.504607
263.212344,187,7155.857736
275.841322,171,7158.93119
292.444134,201,7162.585885
277.243208,192,7166.0449
291.171764,211,7169.832981
292.646158,197,7173.365683
242.096035,178,7176.555579
270.851502,188,7179.915917
298.655918,193,7183.409789
266.499106,198,7186.977404
261.871392,176,7190.131644
256.750387,209,7193.852935
295.903921,173,7196.91767
282.008844,212,7200.690736
291.019419,177,7203.811918
295.593789,206,7207.480477
263.34985,179,7210.679966
248.764041,162,7213.588062
306.169175,215,7217.433645
283.117927,180,7220.685547
275.622937,178,7223.889464
303.732881,201,7227.523537
296.992232,231,7231.690978
278.789357,158,7234.542747
294.129975,200,7238.080974
276.887634,212,7241.970273
280.895938,206,7245.670342
297.496157,191,7249.113809
289.755931,207,7252.8762
290.235211,199,7256.503492
299.560496,205,7260.155082
301.455596,219,7264.093422
242.096286,175,7267.241837
266.822174,201,7270.865518
279.270899,199,7274.431936
247.763608,168,7277.450794
295.914594,228,7281.499979
296.826331,214,7285.356301
302.744878,223,7289.392404
290.175528,217,7293.33032
259.299905,316,7299.16465
245.756056,173,7302.314028
242.619176,168,7305.366158
306.256848,199,7308.98414
310.679399,211,7312.8288
200.631911,772,7327.939173
269.420343,201,7331.554499
269.615483,614,7343.590067
295.009732,492,7352.781218
290.30758,203,7356.477364
272.555533,332,7362.645105
273.719675,190,7366.077394
305.832248,190,7369.580383
250.922712,519,7379.615929
262.470091,404,7387.212744
232.707439,408,7394.847528
264.81244,467,7403.523551
253.444636,191,7406.965526
240.998517,384,7414.050769
227.529323,415,7421.800721
286.128289,171,7424.876542
268.755572,195,7428.391447
287.199694,461,7437.061166
240.735921,391,7444.451824
267.291515,366,7451.289607
306.335363,216,7455.197333
260.659811,359,7461.760716
281.179169,591,7472.723805
277.433814,383,7479.700258
255.188235,575,7490.580133
265.99275,569,7501.369504
287.552426,170,7504.43012
303.958468,221,7508.437587
260.398786,571,7519.432966
279.561371,199,7523.042567
293.982741,196,7526.565078
271.448714,631,7538.670609
301.793934,349,7545.16414
250.30919,494,7554.40871
282.93376,226,7558.433248
283.423828,441,7566.640734
278.555579,203,7570.241998
284.848721,190,7573.62596
293.486599,366,7580.372118
292.035599,198,7583.959679
274.314772,183,7587.254389
262.236469,497,7596.479321
300.799387,196,7599.998194
281.450833,204,7603.698894
270.412083,570,7614.78982
250.760003,171,7617.833809
290.218155,361,7624.542557
251.242843,174,7627.651237
317.484631,207,7631.437397
237.562326,162,7634.347572
277.14124,206,7638.101372
287.141842,192,7641.574694
262.373852,168,7644.615155
281.507123,211,7648.392976
250.292415,181,7651.648603
263.425786,187,7655.035337
248.133218,181,7658.260826
289.963839,202,7661.88749
309.929437,245,7666.318431
289.835158,180,7669.521354
293.981921,160,7672.401986
259.432532,184,7675.690956
257.631024,150,7678.367049
282.293385,199,7681.96447
289.834272,264,7686.793025
292.446704,233,7691.08918
296.948828,228,7695.240397
283.99305,163,7698.147154
245.636319,185,7701.469708
257.15851,180,7704.714999
306.658519,205,7708.461413
298.211462,175,7711.619559
277.442185,152,7714.362174
257.030836,175,7717.544513
274.408994,208,7721.314663
242.948168,161,7724.206271
294.111247,197,7727.795903
288.704077,218,7731.699446
286.784881,208,7735.451121
296.295482,224,7739.505663
294.881666,208,7743.25727
287.462483,172,7746.388327
311.700693,237,7750.706134
277.819242,173,7753.863837
251.420266,168,7756.912231
303.911532,234,7761.125254
272.959785,188,7764.473149
266.978973,185,7767.823842
259.799663,175,7770.978908
277.511573,209,7774.731515
296.351323,196,7778.314296
305.295788,227,7782.49454
290.102254,162,7785.429745
288.232228,179,7788.641087
265.876989,183,7791.936785
277.961108,201,7795.50697
258.013229,181,7798.709572
274.606506,191,7802.148403
253.292887,180,7805.379902
268.254325,205,7809.056044
261.813157,272,7814.088138
265.342908,228,7818.214333
283.241167,211,7822.030707
243.22486,184,7825.319413
263.229806,187,7828.69624
298.969905,259,7833.388513
286.828691,185,7836.75749
266.888994,236,7841.015592
319.321404,228,7845.204776
283.888641,193,7848.707206
253.181258,193,7852.203609
270.729992,185,7855.537297
297.483362,179,7858.782099
304.008573,211,7862.588128
271.222314,187,7865.886374
301.753764,225,7869.968482
282.517094,203,7873.658145
266.934464,248,7878.149662
-270.215197,105,7880.029108
260.760524,191,7883.496769
282.182423,154,7886.265249
270.57828,151,7888.973059
282.118493,157,7891.819355
297.038536,230,7895.971544
288.934082,187,7899.36742
70.191552,1000,7919.68583
265.263792,159,7922.5393
292.43458,212,7926.378797
293.351494,154,7929.145908
298.786626,205,7932.851099
283.564985,201,7936.443957
276.252028,203,7940.077844
261.339941,173,7943.195136
267.502391,183,7946.527385
289.229213,217,7950.481473
257.340057,177,7953.628631
271.441065,197,7957.211054
263.060624,182,7960.455289
259.341263,198,7964.067283
287.774446,214,7967.960057
297.979464,184,7971.240663
281.523623,216,7975.118961
305.852046,233,7979.396661
271.292738,201,7983.044706
286.823182,213,7986.921653
279.064279,176,7990.087045
287.770231,219,7994.108446
295.625609,207,7997.856288
265.833045,193,8001.365704
256.301762,168,8004.347117
280.812954,188,8007.705265
271.431602,194,8011.210547
287.088857,193,8014.746687
288.354136,157,8017.542183
254.283168,164,8020.469126
260.788753,146,8023.0901
313.738424,268,8027.967983
290.552135,211,8031.762614
282.793834,216,8035.609591
236.367761,202,8039.233327
304.349606,209,8043.002758
277.929432,174,8046.123885
276.463701,181,8049.384639
280.720954,190,8052.822094
295.707174,189,8056.266181
247.805201,165,8059.213161
281.986094,210,8062.97312
282.051253,221,8066.905178
300.048642,200,8070.507064
267.321791,217,8074.442024
299.451445,192,8077.93888
303.898984,232,8082.160838
282.988334,203,8085.834701
253.180036,244,8090.276097
272.043301,184,8093.574866
300.41104,215,8097.456563
283.332759,183,8100.758271
251.772388,202,8104.403012
278.812546,189,8107.783234
285.97384,184,8111.119456
317.986569,193,8114.621686
270.363265,193,8118.088116
274.471229,158,8120.936041
255.529607,159,8123.753206
265.654474,183,8127.017766
293.929368,201,8130.623209
250.67334,243,8135.037754
244.24287,159,8137.880337
286.191314,231,8142.064344
233.718463,338,8148.268897
245.600945,256,8152.921754
297.524317,232,8157.048787
289.795182,178,8160.238274
267.914669,187,8163.587224
283.739069,187,8166.933044
292.141771,189,8170.30994
315.031751,197,8173.858733
292.215478,231,8177.997945
283.315711,224,8182.028224
274.032789,202,8185.63467
302.6541,200,8189.222623
302.83887,195,8192.735291
239.026873,169,8195.763194
287.18614,202,8199.378162
299.819572,235,8203.63947
259.030915,265,8208.445216
282.70479,198,8212.021549
260.443157,174,8215.123625
248.655518,187,8218.433522
21.331719,1000,8238.435259
243.181425,167,8241.416758
257.101329,187,8244.752043
248.48741,232,8248.943364
268.96269,205,8252.573721
257.688893,209,8256.305943
295.133464,230,8260.431101
268.789835,217,8264.368731
298.208839,238,8268.610013
255.014396,183,8271.839316
292.185893,241,8276.137219
287.676788,197,8279.664139
28.810318,1000,8299.09804
235.67754,171,8302.190147
283.859366,199,8305.817544
292.068515,200,8309.440858
275.749423,154,8312.180865
289.171585,193,8315.618091
273.430493,210,8319.382303
299.821263,252,8323.888268
290.437301,192,8327.312483
291.748518,187,8330.662893
281.337703,182,8333.923494
282.463126,178,8337.101703
267.32129,199,8340.711238
268.86198,196,8344.252031
283.500747,197,8347.772059
261.414797,184,8351.067949
263.539751,197,8354.595051
275.339927,229,8358.731578
288.738032,201,8362.342839
267.30034,215,8366.222965
302.395334,162,8369.114585
273.750009,194,8372.563832
280.688904,201,8376.187179
297.37139,206,8379.88764
294.043658,195,8383.398285
300.811421,216,8387.342883
288.053504,175,8390.430296
283.483428,200,8394.038254
284.752838,171,8397.054671
242.744283,177,8400.181663
250.693331,178,8403.348521
307.858802,244,8407.774096
289.007402,195,8411.261676
270.584687,267,8416.156109
286.7013,230,8420.272758
283.800643,148,8422.930216
298.788553,236,8427.179449
278.408082,212,8430.953797
275.047767,200,8434.538298
297.138948,208,8438.297324
258.011008,272,8443.235047
298.091846,239,8447.557288
277.146701,176,8450.730329
261.275418,157,8453.502529
293.072586,187,8456.858361
277.088085,203,8460.49763
305.193394,195,8464.023499
317.111886,197,8467.571289
290.779313,161,8470.448234
267.788791,203,8474.129024
271.438902,207,8477.87849
286.626622,225,8481.913198
302.613738,224,8485.930768
294.935024,195,8489.436857
289.720293,248,8493.962302
270.26241,183,8497.296349
290.651083,175,8500.42768
259.047864,170,8503.490649
300.078907,199,8507.141883
255.832538,183,8510.427917
307.666194,198,8513.954826
292.770558,206,8517.657392
299.680362,202,8521.322225
299.695746,214,8525.164956
278.990585,202,8528.77595
300.048918,191,8532.186517
288.800019,214,8536.055714
295.523763,201,8539.670288
297.196641,198,8543.223402
303.852627,191,8546.644835
282.836708,215,8550.451133
249.302828,196,8553.962
236.246094,180,8557.187007
302.509038,231,8561.326234
289.556733,189,8564.698121
264.027175,208,8568.443319
275.860429,206,8572.100782
281.536957,187,8575.446713
260.029636,190,8578.814579
248.866371,190,8582.181145
266.428815,176,8585.305278
282.588481,196,8588.853371
285.770511,199,8592.423276
279.866669,196,8595.967859
252.872518,184,8599.259382
280.222616,165,8602.206633
240.456249,172,8605.291365
266.34469,202,8608.929007
268.355619,187,8612.255578
291.856994,217,8616.173141
287.389522,208,8619.929527
263.838142,188,8623.330626
272.757791,201,8626.993659
278.644813,224,8630.98391
280.873582,217,8634.844499
297.691368,202,8638.46161
237.621509,188,8641.844164
281.046696,164,8644.774987
300.377867,196,8648.356014
299.175178,183,8651.664951
296.432509,213,8655.527478
298.457147,263,8660.284659
256.208392,178,8663.474236
301.273038,188,8666.838502
274.663575,203,8670.495711
289.159567,215,8674.385646
305.917042,248,8678.929752
282.051501,190,8682.371402
295.513854,235,8686.587718
274.190455,162,8689.508765
251.795286,185,8692.864016
259.931501,193,8696.389304
293.11255,201,8700.007675
259.635475,185,8703.30505
24.870931,1000,8724.260292
270.485757,173,8727.357312
306.291656,236,8731.629083
284.423824,198,8735.212241
287.431513,222,8739.212404
281.396983,204,8742.874556
298.764979,205,8746.574632
283.939581,209,8750.367299
307.891884,215,8754.215008
266.102731,180,8757.41354
294.80412,191,8760.839714
288.352514,219,8764.768425
258.044368,190,8768.168999
282.540583,202,8771.83937
278.136498,175,8774.941943
278.522382,167,8777.948503
263.900258,184,8781.192988
277.852287,190,8784.574174
286.687616,202,8788.233651
296.692924,225,8792.293178
303.008576,242,8796.712141
261.896854,184,8799.968985
241.452508,193,8803.423078
268.893249,225,8807.457016
260.364728,187,8810.781683
286.929592,213,8814.625381
283.642916,155,8817.408906
279.630752,193,8820.855968
299.333584,188,8824.249839
292.149894,211,8827.992657
266.431564,175,8831.139265
267.439938,180,8834.310984
263.489596,177,8837.51981
290.22729,198,8841.103237
273.676361,155,8843.869782
241.580443,163,8846.746997
307.361411,255,8851.310477
254.785984,172,8854.444262
263.138535,187,8857.781252
284.596925,198,8861.285101
303.765114,203,8864.959789
290.143779,212,8868.819418
280.216933,192,8872.279579
304.08789,207,8875.994262
273.267807,196,8879.484582
298.856594,180,8882.721025
256.999274,174,8885.810565
266.438334,213,8889.633037
249.554258,178,8892.807726
286.717972,200,8896.419832
290.390356,168,8899.44319
267.609271,193,8902.920296
302.427704,242,8907.265401
286.461686,176,8910.395859
290.144035,161,8913.323037
303.182687,202,8916.965769
296.214174,216,8920.851711
288.958408,230,8925.051991
295.160067,236,8929.335938
247.669624,178,8932.509503
292.481102,240,8936.88585
271.284902,147,8939.539089
274.585183,201,8943.207166
290.77379,157,8946.033683
290.549394,219,8949.953241
300.165633,174,8953.086658
274.970282,212,8956.909279
285.880437,167,8959.902937
279.384958,186,8963.216511
261.040019,205,8966.84197
299.48515,205,8970.511072
284.860565,202,8974.145876
257.791676,175,8977.301005
296.919979,215,8981.145376
245.48538,286,8986.291906
270.872417,203,8989.975338
285.603383,156,8992.755731
301.019374,207,8996.470723
302.698711,197,8999.973114
282.327502,214,9003.778265
249.301546,178,9006.983362
284.895726,188,9010.367532
278.051751,189,9013.72979
293.969919,179,9016.961763
249.319954,184,9020.298732
296.949278,211,9024.100224
274.365273,215,9027.971216
300.232176,200,9031.62065
235.626814,495,9041.162274
275.123693,189,9044.602108
287.866056,200,9048.183696
277.72126,191,9051.611424
309.857772,194,9055.118659
296.659165,223,9059.120029
298.790689,224,9063.173785
271.693662,167,9066.177471
272.373636,199,9069.751391
268.401671,206,9073.518073
292.553144,227,9077.628296
284.015442,152,9080.332032
291.503355,230,9084.468366
295.035663,231,9088.613693
267.183013,195,9092.135656
255.85105,163,9095.088178
299.663168,213,9098.965005
252.469848,183,9102.279333
259.941121,256,9106.982902
263.296552,160,9109.882182
294.983655,207,9113.57112
289.339893,184,9116.859213
298.27622,178,9120.018356
265.249738,189,9123.385348
248.441691,175,9126.497266
283.658311,198,9130.045059
234.584993,187,9133.43972
264.174187,152,9136.176234
273.848284,342,9142.469773
295.626869,180,9145.682736
269.058456,167,9148.637691
270.725145,168,9151.637957
250.46996,173,9154.732234
270.166745,181,9158.015839
242.492363,165,9160.967763
261.756836,168,9164.0015
284.838757,215,9167.85398
312.583787,236,9172.104261
296.997621,213,9175.908334
305.294172,195,9179.431904
282.048797,157,9182.247921
281.778289,192,9185.71279
304.952524,241,9190.034603
282.067891,185,9193.376049
273.660352,196,9196.849262
284.07235,209,9200.55959
253.698943,198,9204.077339
281.992538,213,9207.913388
292.455493,191,9211.375642
274.115931,190,9214.772976
304.309464,249,9219.272084
294.986884,182,9222.571751
290.480228,201,9226.214939
261.386015,185,9229.539644
271.544896,166,9232.523363
272.630652,208,9236.244406
