#{"t_start": 1615654246.0842369, "env_id": "MountainCarContinuous-v0"}
r,l,t
-3.618147,999,27.401351
-11.536679,999,45.720503
-13.746993,999,63.507629
91.199882,248,68.044117
85.746362,891,83.968
85.060918,635,95.14785
95.432596,163,97.904572
95.117611,202,101.20593
94.533246,103,102.891765
95.091146,133,105.053927
75.544703,422,113.223383
93.383505,96,115.114926
91.324562,144,117.356213
87.415041,187,120.935395
89.056035,151,123.896056
88.74644,289,129.098915
94.558214,91,130.433943
86.21921,298,136.017061
90.225065,191,139.579975
92.061311,201,142.971452
73.69211,502,152.27913
89.355989,160,155.008168
82.69366,273,159.394562
83.246761,277,164.560441
74.267197,538,173.85764
68.565018,457,181.848281
88.512154,166,184.660531
76.96876,300,190.509602
-77.428673,999,208.739034
41.940217,768,222.192486
-78.269925,999,239.729209
69.583502,412,247.08657
75.007331,443,255.47569
89.116066,254,260.017453
88.837669,282,264.653563
94.44132,142,267.62666
90.992018,199,271.113351
94.954471,150,273.959137
82.98872,356,280.506565
93.695319,91,282.201692
95.571712,94,284.023723
80.049642,317,289.688701
90.287944,192,293.210186
-54.530161,999,310.626474
-50.444686,999,328.391543
-62.818014,999,345.681786
81.626309,425,353.561278
65.344214,949,370.250725
94.743091,439,378.119857
-4.383898,999,396.099284
95.092679,285,401.346676
94.280203,274,406.559258
92.899883,605,417.30074
94.75307,224,421.075611
94.621192,224,425.026495
95.36022,180,428.240661
94.683929,229,432.370722
94.688853,192,435.746147
94.238442,203,439.796565
95.754822,131,442.02704
94.650783,249,447.11478
91.882637,261,451.981911
93.190265,195,455.44321
95.04346,118,457.229577
95.442838,121,459.421807
92.02768,250,463.88251
94.467059,147,466.610696
94.856946,115,468.216617
95.133645,161,471.206305
93.845828,232,475.621027
95.324161,77,476.776966
95.495404,93,478.576376
94.145183,166,481.607933
95.358039,136,483.841249
92.947635,137,486.778996
93.454804,158,489.716606
93.060756,162,492.570858
95.261636,93,493.807
94.000532,88,495.514301
93.909286,84,497.336025
94.498494,75,498.485658
93.522324,83,500.310966
94.031,83,501.596838
93.717004,81,503.249795
87.197881,158,506.073075
93.988105,78,507.2722
92.956817,82,509.170504
92.890446,83,510.395214
92.78324,88,512.1949
93.252507,76,513.949688
93.485618,86,515.086907
89.005829,159,518.093887
94.100772,75,519.823766
93.958521,77,521.004816
91.833205,102,522.772374
93.264053,86,524.57954
94.060257,77,525.713093
88.017081,149,528.519913
93.564703,77,529.75473
92.902333,92,531.406648
86.095749,170,534.676843
94.315504,77,535.76742
59.972853,474,544.72736
93.163944,81,545.946156
92.8096,85,547.726837
93.465741,77,548.896744
93.098964,94,550.731049
92.473614,95,552.479878
87.727939,153,555.293632
93.505457,81,557.018932
93.209388,83,558.404278
93.101585,79,560.071298
93.286734,79,561.350866
92.798475,90,563.036267
93.323948,79,564.183632
93.122612,83,565.778767
92.596414,81,566.879905
93.808137,74,568.529657
93.698267,83,569.752776
93.462672,74,571.425047
93.634384,73,572.557522
94.153052,75,573.659428
94.158391,80,575.405757
93.556191,74,576.631433
93.337339,79,578.307463
88.609157,153,580.647978
93.321003,82,582.30505
93.226045,79,583.439866
93.63869,76,585.109585
93.579345,72,586.242142
93.245772,79,587.902275
93.664919,75,589.013096
93.627882,73,590.137158
93.291029,77,591.786773
93.187698,78,593.060512
93.281613,81,594.906154
93.410855,76,596.209963
93.600184,74,597.43034
94.280898,79,599.151236
91.995597,111,600.814493
90.493923,126,603.027529
89.546437,126,605.290252
88.813414,146,608.228268
88.132626,150,610.4543
89.555651,134,612.946921
88.870759,133,615.871696
89.235261,125,618.086996
90.145914,121,619.927449
90.578292,118,622.517715
90.752296,125,624.729669
89.185147,127,626.931453
91.01925,129,629.23828
89.882605,133,631.502483
89.930156,116,633.688579
89.824457,118,635.424416
89.849688,121,637.902782
90.164129,119,640.167897
90.569166,116,642.118003
89.912673,156,644.956495
89.978677,118,647.165015
89.443685,127,649.587821
90.014249,119,651.943698
90.573993,109,653.814129
91.893864,104,655.531082
90.757928,103,657.890854
91.547284,105,659.763437
94.638396,81,660.97635
94.487469,87,662.689799
94.578488,69,663.792813
91.172863,108,666.171257
92.455836,103,667.925083
94.255542,74,669.030346
92.878589,100,670.749396
94.0009,88,672.439355
92.329413,95,674.130103
93.851796,75,675.427451
93.572398,77,677.201523
93.410437,89,678.8558
94.21529,73,679.900928
92.851764,90,681.649338
93.166197,94,683.31698
93.540412,76,684.407529
94.371925,72,685.520704
93.645999,79,687.167376
94.320036,94,689.191682
93.353849,75,690.385991
93.673998,77,691.524368
93.281408,75,693.473519
93.837621,86,694.633362
93.216414,81,696.274807
93.322502,76,697.42875
94.034203,84,699.072622
93.590133,74,700.238955
94.238951,72,702.06049
93.783861,77,703.260441
94.114912,76,704.582145
93.245915,75,706.30127
93.78521,77,707.438302
93.412235,76,708.614095
93.739296,99,710.920314
93.730227,78,712.066022
94.708476,76,713.201495
91.832135,112,715.444424
93.588711,86,717.085554
92.821356,99,718.89352
93.721369,75,720.192251
93.987652,75,721.412644
89.147991,154,724.33212
93.392825,78,726.098403
93.818297,85,727.227531
93.61841,76,729.01831
93.448715,77,730.104945
93.473025,80,731.273024
93.633364,77,733.031047
93.446189,76,734.135789
93.600964,103,735.772382
93.849626,88,737.527157
93.67868,84,739.163014
94.353295,81,740.305621
94.12673,78,741.879317
93.813606,76,743.052498
93.482747,77,744.764705
91.960978,99,746.485358
93.665649,77,747.727635
92.349214,112,749.952117
93.83797,76,751.085212
94.300852,74,752.207104
93.887685,85,754.026131
92.088806,110,755.905585
90.856867,119,758.339086
91.549294,107,760.075077
93.702847,81,761.963144
92.322833,98,763.734762
91.454902,113,766.101991
91.698477,116,767.799928
91.911487,106,769.972963
91.854891,106,771.611845
91.278365,108,773.293268
91.637927,113,775.631137
91.591367,109,777.520967
91.801076,100,779.195276
92.392277,102,780.958373
91.291903,116,783.243004
91.815116,99,784.932187
91.932865,100,786.696144
91.7731,102,788.51366
92.196124,106,790.85809
91.580212,111,792.697102
91.911778,106,794.862442
91.571228,103,796.565683
91.345118,110,798.292636
91.39884,100,799.920756
91.154908,101,802.261788
91.371733,101,803.945052
91.709383,100,805.820086
94.213643,80,807.123749
92.197476,98,808.918479
92.764629,107,811.254165
92.136011,100,813.0142
92.144113,106,815.031409
93.200034,103,816.704405
93.377363,93,818.349271
94.351717,81,820.116241
92.565769,103,821.753138
93.592546,76,822.857566
92.586623,102,825.344106
93.86475,72,826.600618
91.857335,96,828.379519
91.293808,125,830.524639
93.713864,74,831.602628
93.06783,107,833.448359
91.406455,103,835.711812
94.163901,75,836.941135
94.019848,78,838.083218
94.215652,96,839.959753
93.633863,77,841.893246
94.392628,83,843.110591
91.817193,119,845.481819
92.064269,99,847.250248
93.710021,113,849.426098
93.29417,83,850.658906
94.251287,80,852.434264
93.742821,73,853.547721
93.463235,77,855.156245
92.093772,100,856.906846
93.641271,72,858.167802
93.878318,78,859.379666
91.841135,108,861.815403
93.21134,102,863.679487
88.769579,157,866.509265
93.944464,74,867.671467
93.791304,82,869.422436
94.143728,73,870.539888
93.862029,80,871.614152
93.895788,74,873.387079
93.684466,73,874.542559
93.557927,77,875.659668
93.958874,76,877.281244
94.077343,71,878.563476
93.970003,75,879.686505
93.977575,73,881.413524
93.698626,77,882.579287
94.516736,84,884.246065
94.324343,76,885.546053
93.854238,74,886.759208
93.917463,73,888.430413
93.218839,78,889.523899
89.369687,166,892.432948
92.780961,110,894.681548
94.187872,71,895.853172
89.781822,140,898.223064
92.357438,106,900.542197
93.987447,71,901.765476
93.908148,67,903.032856
94.155598,74,904.129071
93.925164,79,905.937849
93.590359,79,907.04335
93.801089,73,908.147372
93.407981,73,909.855761
93.30482,85,911.079243
93.347338,76,912.844515
93.99367,80,913.975907
86.901845,184,917.212714
93.342173,77,918.339956
94.530572,71,919.945374
94.181885,81,921.035452
93.844336,70,922.235598
90.697469,129,924.577081
93.139755,73,926.181989
93.82323,72,927.291762
94.408286,73,928.511093
94.077646,74,930.161246
93.344251,69,931.4383
93.647591,70,932.544518
93.788696,90,934.182443
93.943486,72,935.325055
93.987167,78,936.730482
93.676988,69,938.449152
94.019422,73,939.691344
94.296301,70,940.804323
94.555728,81,942.589176
94.056878,78,943.81755
94.07442,71,945.110652
93.687926,73,946.218695
93.92875,74,947.92459
94.357731,73,949.226861
93.272768,77,950.45208
93.77153,74,952.059841
93.86408,70,953.183977
94.158221,82,954.942421
93.901074,70,956.290262
94.31504,71,957.367332
94.90595,75,958.521234
93.68212,80,960.11372
92.656742,94,961.847115
90.98271,115,963.487684
93.177704,76,965.087655
93.558146,80,966.236925
93.688019,72,967.414189
93.511035,79,969.192502
94.236255,72,970.365147
94.150718,69,971.600224
93.515063,72,973.458179
94.350548,74,974.711269
93.87947,76,975.839897
94.442148,74,977.429109
94.955538,81,978.664986
93.347603,80,980.390296
93.561302,79,981.496702
92.945643,94,983.147941
94.314093,70,984.3613
93.313624,81,985.979139
94.038741,68,987.084586
93.779336,72,988.18303
93.491683,73,989.394279
93.825635,71,991.093676
93.649652,69,992.249322
94.122724,72,993.520105
94.457275,73,994.731792
94.164825,72,996.276937
94.418399,83,997.415932
91.072865,145,1000.216362
93.416259,74,1001.38511
93.16288,87,1003.216597
93.62579,77,1004.319453
93.910429,83,1006.026109
93.800053,70,1007.148321
93.615967,76,1008.379105
92.752684,94,1009.993247
93.27211,89,1011.645492
94.937423,82,1013.335057
93.776848,77,1014.526072
94.228033,80,1015.651465
93.714456,75,1017.373232
94.465652,82,1018.593114
94.689554,74,1020.37935
94.048991,73,1021.523062
93.755035,76,1022.748923
93.470392,82,1024.541769
95.110648,80,1025.661124
94.429919,78,1027.420954
93.608883,79,1028.533468
92.487788,119,1030.928836
93.630199,75,1032.033239
94.17636,72,1033.739099
93.558687,82,1034.87398
93.660791,106,1036.630775
94.813776,76,1038.509505
93.94299,72,1039.630975
93.592289,81,1041.391475
94.024197,72,1042.51043
93.829004,73,1043.600957
94.660589,74,1044.721207
93.796192,73,1046.330868
94.173699,76,1047.404721
90.612487,156,1050.185682
93.771702,81,1051.805875
93.937379,75,1052.912531
94.094815,89,1054.60851
94.740368,115,1056.480145
93.50272,81,1058.118361
93.002159,106,1059.813309
94.254239,78,1061.529883
94.398464,75,1062.755917
94.746278,73,1063.909987
93.954528,78,1065.674311
93.58591,89,1066.961967
93.60761,77,1068.605794
93.074771,89,1070.258205
95.066506,75,1071.347887
95.139329,74,1072.540209
93.52215,82,1074.188236
93.9998,71,1075.486376
95.290981,73,1076.600631
93.57391,78,1078.376821
91.861788,156,1081.318427
93.981699,74,1082.491658
94.438634,69,1083.63492
94.144031,77,1084.855034
93.748532,72,1086.550102
93.893722,71,1087.682126
94.465604,81,1088.921556
94.15209,74,1090.55093
94.168039,77,1091.728997
94.309894,78,1093.44187
94.116144,77,1094.605328
94.148503,70,1095.698339
93.505519,76,1097.380021
93.972594,77,1098.518779
94.110256,74,1099.620321
93.714384,72,1101.238674
93.656723,75,1102.339857
94.075062,76,1103.397501
95.479766,76,1104.979964
93.912967,74,1106.036634
94.06854,74,1107.364403
93.747349,86,1109.015781
93.671284,78,1110.136465
94.126119,73,1111.840959
93.733481,74,1113.002889
93.393298,111,1114.711142
93.9907,77,1116.472519
94.060861,81,1117.686913
92.14598,135,1120.612451
93.955269,79,1121.726651
94.220811,78,1123.354151
92.097389,160,1126.170073
93.680928,72,1127.279408
93.751852,74,1128.409609
92.547534,97,1130.248649
93.700216,77,1131.885211
94.549773,80,1133.021943
94.10134,71,1134.128142
94.354006,74,1135.772568
94.574568,84,1136.92864
93.519272,80,1138.675349
95.17182,80,1139.899443
93.699317,75,1141.624651
93.962515,72,1142.824539
94.28199,69,1143.954271
93.147214,83,1145.620002
94.384689,77,1146.743191
93.968273,71,1147.848564
93.655094,82,1149.513572
94.582604,74,1150.714811
93.613604,82,1152.487164
93.735623,77,1153.599544
94.227141,81,1155.427468
93.753754,71,1156.571398
93.444448,103,1158.281487
93.448178,81,1159.99628
94.526274,75,1161.171537
93.780598,70,1162.250241
93.633417,94,1164.137885
93.584234,101,1165.738456
93.75819,75,1166.839761
93.94562,72,1168.439164
94.139504,70,1169.530157
94.03027,85,1171.15204
93.485134,82,1172.272354
94.163653,71,1173.442824
94.096914,76,1175.256863
94.780135,73,1176.461113
94.026513,79,1177.596168
93.913444,73,1179.32748
93.862094,77,1180.397839
88.018035,171,1183.914893
93.686987,84,1185.088258
94.553824,80,1186.735647
93.288474,84,1187.831188
95.006749,78,1189.73996
93.752296,71,1190.880843
94.175029,92,1192.746853
94.445963,74,1193.868487
93.663899,84,1195.605103
94.213971,71,1196.73799
94.333613,72,1197.925453
93.858227,84,1199.775757
94.190904,72,1200.886388
92.256258,111,1203.101645
93.779498,74,1204.253465
93.83465,73,1205.410512
94.14706,73,1206.586733
93.64551,76,1208.240863
94.098299,78,1209.351495
94.235544,85,1210.984989
94.087634,74,1212.32676
94.834257,75,1214.102596
94.332846,73,1215.210741
93.384828,84,1216.311243
94.243362,76,1218.009965
92.898478,118,1220.281411
93.945253,76,1221.443922
94.694001,74,1222.52701
93.427069,76,1224.12816
94.113064,72,1225.344656
93.463482,114,1227.094181
93.415264,73,1228.757227
93.381148,83,1229.940399
94.687185,74,1231.541152
93.584299,73,1232.688659
94.375862,91,1234.348727
93.027911,87,1235.515501
94.642715,80,1237.16855
94.628506,87,1238.821038
93.539929,78,1239.921526
94.942469,79,1241.638549
93.975392,83,1242.903685
94.16593,76,1244.554617
94.218408,83,1245.642201
94.218878,76,1246.785103
93.856019,77,1248.407647
94.177355,78,1249.501121
94.501519,74,1251.31378
90.3698,152,1253.608391
93.591509,82,1255.273546
93.191113,86,1256.968235
94.044742,73,1258.183007
93.980705,80,1259.252118
92.80236,101,1261.416701
94.492033,75,1262.548877
94.801607,78,1263.645136
93.861144,80,1265.357515
94.415788,85,1267.190138
94.230089,100,1268.86352
93.541195,84,1269.962002
94.437208,81,1271.546298
93.984297,75,1272.728272
94.654647,80,1274.393727
93.879294,76,1275.512549
93.818138,113,1277.658559
93.811997,71,1278.768549
94.292156,78,1279.848217
93.665377,76,1281.523507
93.762284,80,1282.696734
93.519181,80,1284.384131
94.019507,80,1285.605373
95.010758,96,1287.308697
92.815758,84,1289.017947
94.213365,72,1290.115534
93.506933,99,1291.848138
94.456549,73,1293.023704
94.380482,82,1294.661421
90.974603,130,1296.980227
92.706717,83,1298.862925
94.528193,88,1300.003119
93.898566,86,1301.704134
93.663537,83,1303.341289
93.663107,79,1304.426271
94.560939,77,1305.563159
94.370434,73,1307.273224
94.106475,73,1308.389354
93.491176,81,1309.954803
94.511218,83,1311.230817
94.741084,75,1312.557677
93.663478,76,1314.203785
94.298985,80,1315.475572
94.685425,86,1317.199261
94.428695,79,1318.829569
95.223305,84,1320.11809
94.445371,87,1321.7995
95.19688,73,1322.911073
95.141941,86,1324.592204
93.386454,103,1326.262891
93.716945,80,1327.957638
94.008177,82,1329.108392
92.841555,102,1330.731717
92.424256,131,1332.908066
94.29104,100,1335.053377
93.648901,97,1336.685204
93.793572,81,1337.801461
91.402246,109,1339.58756
93.286752,111,1342.159428
93.472919,74,1343.466933
89.437807,175,1346.886259
94.101259,85,1348.073897
94.429495,73,1349.734988
94.413552,73,1350.846635
93.810254,81,1351.950802
94.575667,83,1353.716355
94.886392,71,1354.914006
93.771751,74,1356.62467
95.13154,73,1357.726805
95.18187,81,1358.944758
87.592901,189,1362.399789
93.429583,85,1364.107963
93.415588,86,1365.728328
93.454744,111,1367.43472
94.750124,85,1369.092652
95.166052,81,1370.261812
94.765954,77,1371.936589
93.966168,84,1373.090261
94.825248,94,1374.740724
92.150094,155,1377.436259
94.535158,85,1379.048399
93.888519,87,1380.949947
94.790593,79,1382.215791
94.219308,76,1383.352444
94.110894,77,1385.101507
94.819058,75,1386.214059
95.27435,72,1387.307394
92.713448,101,1389.551142
94.868507,75,1390.681157
94.550885,72,1391.778798
94.265173,81,1393.576966
93.698055,85,1394.743563
91.034626,146,1397.561025
94.282325,75,1398.750711
94.156662,77,1400.413816
95.240262,97,1402.088046
95.137655,80,1403.319499
93.531335,78,1405.102619
94.718459,75,1406.364179
93.748125,81,1407.487279
94.43933,75,1409.256897
94.169236,73,1410.349448
95.069548,95,1412.06336
93.864789,84,1413.759452
94.2195,87,1415.028021
95.030554,78,1416.768985
94.66612,80,1418.118905
94.159901,82,1419.77315
94.400309,78,1421.089652
93.353229,119,1423.512747
95.030321,74,1424.814181
92.017804,106,1426.9647
94.056265,89,1428.118429
94.622529,73,1429.770199
95.139896,73,1430.868517
93.538858,80,1432.575979
93.894236,84,1433.789541
95.133186,76,1435.592691
92.760433,125,1437.371562
93.783808,80,1439.077923
93.159326,94,1440.905738
94.613048,80,1442.205958
94.627129,83,1443.827125
94.345643,80,1444.968965
95.014343,77,1446.828051
95.41841,75,1448.140196
94.369248,81,1449.894394
94.263183,84,1451.15423
94.565319,79,1452.77589
93.390202,82,1453.913975
87.916471,172,1457.48718
94.089447,94,1459.184898
94.617027,81,1460.393442
92.888262,92,1462.120479
94.103447,78,1463.884257
93.609365,80,1465.003156
93.878873,88,1466.801466
94.631957,88,1468.526831
93.181064,88,1469.73857
93.950955,81,1471.526308
93.47232,95,1473.462956
94.348994,81,1474.611676
92.883479,94,1476.372215
94.300001,76,1478.098325
92.999858,111,1479.894195
94.847952,81,1481.618856
94.50256,86,1482.958397
95.284104,74,1484.631754
94.472697,76,1485.717794
93.080311,84,1487.346692
94.177077,72,1488.619298
95.547812,74,1489.74551
94.521876,77,1491.42394
94.838424,77,1492.553953
94.950569,73,1493.675012
93.710221,78,1495.330873
93.446107,94,1497.094563
94.416895,77,1498.250528
95.084259,72,1499.377645
93.058809,92,1501.038532
95.307175,79,1502.765122
94.779246,75,1504.012793
92.831147,85,1505.726753
94.690716,76,1506.85451
90.059056,159,1509.810403
95.383386,76,1510.959845
94.647622,77,1512.667137
94.911645,78,1513.971721
92.583835,129,1516.314996
95.004026,80,1518.001047
94.52246,79,1519.143209
94.420249,83,1520.808602
94.132598,74,1522.019421
94.091475,94,1523.876517
94.782661,76,1525.000254
94.781792,88,1526.659872
94.833007,76,1528.297903
95.487071,84,1529.44135
94.813372,76,1531.052587
94.104276,74,1532.166503
92.971178,84,1533.982494
95.089566,84,1535.307249
93.828902,78,1537.048871
94.647439,98,1538.939652
94.250684,69,1540.07428
94.563108,75,1541.279155
95.503326,76,1542.969103
93.745619,78,1544.106496
94.056643,78,1545.239054
94.753493,84,1547.065258
94.774106,83,1548.792086
94.094659,83,1549.887977
94.801833,76,1551.594887
95.59057,82,1552.723816
93.993167,90,1554.35935
94.891107,69,1555.455306
94.176414,83,1557.117494
93.425408,88,1558.266292
94.426265,85,1559.904809
93.585226,84,1561.624325
93.866952,81,1562.896624
94.654196,83,1564.609631
94.723836,70,1565.831872
94.426419,117,1568.275493
94.221588,96,1570.025037
93.735614,84,1571.164548
94.191133,79,1572.866416
96.253602,77,1573.967435
93.766638,81,1575.722926
94.598502,74,1576.892054
94.854893,84,1578.624722
94.219176,76,1579.872193
94.157962,83,1581.629319
95.480958,82,1582.867237
93.798776,83,1584.714501
94.664691,74,1585.812704
94.384486,85,1587.514809
94.051179,81,1588.66772
95.401509,76,1590.282372
94.878638,83,1591.52108
93.113892,75,1593.248398
93.83037,78,1594.407604
94.297724,99,1596.051727
95.665771,78,1597.82066
94.904998,78,1599.09163
94.371694,78,1600.202405
94.438754,76,1601.817431
93.276158,85,1603.028531
94.035579,77,1604.766826
93.995096,82,1605.952567
92.923071,106,1608.587022
95.2189,75,1609.873026
93.50315,85,1611.547435
94.401559,82,1612.908851
94.513896,81,1614.627491
94.391653,73,1615.737221
91.782276,148,1618.607351
94.920758,75,1619.724038
94.392501,82,1621.385609
94.165741,85,1622.501091
94.08126,82,1624.088349
93.844606,88,1625.806356
93.764412,87,1627.005349
94.713926,78,1628.706057
94.102549,88,1630.313763
94.296997,77,1631.437823
94.005411,97,1633.070428
93.883921,84,1634.757988
94.560184,76,1635.87563
93.844952,82,1637.727194
93.52615,94,1639.061547
94.756182,76,1640.727398
94.188622,77,1641.928067
93.948553,91,1643.533372
94.589581,119,1645.742913
94.851281,73,1646.963818
90.947581,149,1650.017252
93.435008,91,1651.657572
95.135818,77,1652.766434
94.305798,82,1654.671008
95.31082,74,1655.848414
95.34687,91,1657.720717
95.069382,79,1659.019365
94.584589,106,1661.25198
93.516737,70,1662.398916
90.445969,152,1664.789509
94.306577,80,1666.748454
94.084242,78,1667.932352
94.704009,80,1669.578045
95.205933,76,1670.779747
96.444805,89,1672.64442
95.0651,73,1673.789562
93.11682,148,1676.673939
93.480459,83,1678.370298
94.41446,93,1679.52929
94.802987,74,1681.26309
94.270147,78,1682.394791
94.419651,78,1684.057506
91.763695,152,1686.455673
93.163163,105,1688.617425
95.017222,72,1689.689687
93.929034,85,1691.317924
95.548817,88,1692.457224
94.631658,101,1694.138924
93.82074,82,1696.07637
94.373729,86,1697.754721
94.834973,76,1698.978453
94.372468,86,1700.727097
93.761343,88,1702.467532
95.093131,94,1703.57133
95.196181,76,1705.188541
93.866813,79,1706.454914
94.103514,81,1708.229912
95.4481,75,1709.314412
94.596075,78,1710.910877
93.672978,84,1711.977365
95.497857,75,1713.689408
94.690185,74,1714.946758
94.189201,89,1716.692944
93.773217,97,1718.352737
92.568311,131,1720.620875
94.036482,80,1721.814755
91.450219,182,1725.118121
93.41983,83,1726.785914
95.385647,73,1727.868519
93.639238,95,1729.657558
93.395257,104,1731.311737
95.633691,83,1732.943212
95.62747,94,1734.579656
95.339952,75,1735.757869
94.670193,104,1737.354836
94.645055,74,1738.96773
95.557018,80,1740.178708
93.327113,96,1741.767767
95.222945,82,1743.448695
95.657941,80,1744.593347
95.206929,77,1746.318429
94.456252,75,1747.40161
94.37776,82,1748.543085
93.90769,76,1750.159031
95.431049,76,1751.330219
95.028202,87,1753.066442
94.811101,73,1754.171084
93.298258,79,1755.794221
94.890109,80,1756.982552
94.398596,76,1758.684563
92.433363,112,1760.436016
94.732688,94,1762.135504
94.517946,73,1763.230509
94.339081,76,1764.83171
93.149586,90,1765.949356
94.736106,81,1767.655137
94.996091,81,1768.864181
94.642505,77,1770.552031
94.427059,77,1771.659138
94.766263,91,1773.283703
94.11009,86,1775.002886
92.726422,96,1776.695246
93.839758,105,1778.395886
94.876831,75,1779.541808
93.659078,111,1781.680609
93.306023,88,1783.250221
91.64273,159,1786.114661
94.101996,76,1787.318163
96.121974,89,1788.882977
94.296581,83,1789.976378
93.42018,110,1792.124756
94.938254,83,1793.24928
94.66066,74,1794.895947
95.196172,73,1795.9652
94.883636,74,1797.069965
89.384952,191,1800.374298
93.787808,86,1801.995642
94.929582,85,1803.79543
94.193206,92,1805.579943
93.882658,87,1806.956227
94.023133,86,1810.507762
94.110392,84,1810.614015
95.171985,75,1810.696349
94.992735,76,1810.773843
94.957723,76,1810.861509
94.425586,80,1810.943408
94.075528,85,1811.030429
94.332045,81,1811.113663
95.115274,75,1811.192164
95.14214,75,1811.268335
95.136148,75,1811.35594
95.150512,75,1811.453835
95.003492,76,1811.552705
94.808412,77,1811.647986
94.336964,81,1811.74892
94.423734,80,1811.855191
95.171518,75,1811.949206
94.961852,76,1812.043877
94.424726,80,1812.144628
94.640885,78,1812.228829
94.65908,78,1812.306898
94.423784,80,1812.383949
95.147148,75,1812.457176
94.793638,77,1812.531744
94.330471,81,1812.61038
94.994448,76,1812.68387
95.180432,75,1812.757111
94.951415,76,1812.833287
94.423683,80,1812.917408
95.124147,75,1812.991612
94.046976,85,1813.076772
94.258124,82,1813.170861
94.075012,85,1813.269571
94.649585,78,1813.367939
95.114104,75,1813.461518
94.537095,79,1813.565076
94.42463,80,1813.664921
94.169289,83,1813.769275
94.951266,76,1813.870434
94.974281,76,1813.977553
94.043181,85,1814.083841
94.958634,76,1814.18189
94.18565,83,1814.275862
95.140814,75,1814.367993
95.16433,75,1814.462156
94.522968,79,1814.563665
94.244611,82,1814.66608
94.781175,77,1814.762849
94.782552,77,1814.859885
94.971593,76,1814.961201
94.786457,77,1815.054533
95.161411,75,1815.148813
94.339259,81,1815.231292
95.127937,75,1815.320779
94.641689,78,1815.418046
94.534061,79,1815.515259
94.636183,78,1815.611539
94.523024,79,1815.71096
94.781491,77,1815.808788
94.766444,77,1815.913566
94.248819,82,1816.015868
94.528198,79,1816.114434
94.803376,77,1816.211457
94.423652,80,1816.310764
94.820554,77,1816.405644
94.637029,78,1816.502798
94.424895,80,1816.601381
94.775951,77,1816.696213
94.528738,79,1816.794201
93.966932,87,1816.904299
94.423794,80,1817.007027
94.637662,78,1817.093062
94.802313,77,1817.17346
94.983217,76,1817.251239
95.133731,75,1817.337887
94.071157,85,1817.424867
95.182774,75,1817.501627
94.074877,85,1817.589214
95.127626,75,1817.666116
94.528572,79,1817.747167
95.161455,75,1817.826608
94.332032,81,1817.909294
94.108815,84,1817.999729
95.182863,75,1818.074766
94.068331,85,1818.173726
94.827586,77,1818.268971
94.963316,76,1818.360381
94.056671,85,1818.462481
94.424572,80,1818.560263
94.653635,78,1818.654566
94.993092,76,1818.755176
94.993879,76,1818.847758
94.5267,79,1818.954576
95.127616,75,1819.046278
94.650405,78,1819.141707
94.328701,81,1819.237043
94.771232,77,1819.314729
94.647961,78,1819.392877
94.253195,82,1819.475912
95.179566,75,1819.550992
95.165133,75,1819.62629
93.969561,87,1819.712965
95.00288,76,1819.791102
95.165162,75,1819.867485
94.527142,79,1819.948629
95.123463,75,1820.027839
94.260307,82,1820.111083
94.523792,79,1820.191304
93.929161,87,1820.286464
95.159355,75,1820.378667
94.168028,83,1820.481524
95.157218,75,1820.572021
95.107703,75,1820.663125
94.954582,76,1820.756748
94.779813,77,1820.852002
94.637613,78,1820.948068
94.976512,76,1821.046476
94.104023,84,1821.141821
94.07232,85,1821.225357
94.654541,78,1821.314562
94.423713,80,1821.411283
94.997867,76,1821.503553
95.113949,75,1821.594759
94.047501,85,1821.695801
95.1273,75,1821.78725
94.663597,78,1821.881875
94.257512,82,1821.982627
94.329739,81,1822.085963
95.11376,75,1822.176899
94.781147,77,1822.262413
94.773008,77,1822.350337
94.80857,77,1822.442928
94.423744,80,1822.540451
94.764865,77,1822.634744
94.943488,76,1822.727826
95.115546,75,1822.819643
94.642554,78,1822.914306
95.119557,75,1823.003755
94.998022,76,1823.084825
94.53022,79,1823.181588
95.138702,75,1823.260919
94.529757,79,1823.356443
94.665266,78,1823.451832
94.769493,77,1823.544811
95.142313,75,1823.636873
93.899387,88,1823.743322
94.189248,83,1823.843362
94.988655,76,1823.941081
94.42459,80,1824.044534
95.116284,75,1824.135262
94.957382,76,1824.227198
95.150299,75,1824.318216
94.832062,77,1824.412992
95.131499,75,1824.503679
94.258063,82,1824.601708
94.827044,77,1824.693803
94.656167,78,1824.791272
94.77533,77,1824.883765
94.655422,78,1824.977893
94.653734,78,1825.075215
94.638053,78,1825.155873
94.814436,77,1825.231811
94.63724,78,1825.312635
94.02142,86,1825.417107
94.805471,77,1825.50992
94.052446,85,1825.615222
94.123419,84,1825.712346
95.166922,75,1825.787706
94.247627,82,1825.869544
94.262132,82,1825.951169
94.244091,82,1826.034553
94.167754,83,1826.136687
93.971764,87,1826.241789
94.648379,78,1826.323248
95.118213,75,1826.397739
94.662241,78,1826.47585
95.116025,75,1826.551096
94.423866,80,1826.644105
94.790318,77,1826.719379
95.135211,75,1826.791788
94.658208,78,1826.867188
95.179694,75,1826.939192
94.063616,85,1827.022269
94.829746,77,1827.106053
95.174253,75,1827.193183
95.121129,75,1827.272886
94.959112,76,1827.348084
94.818317,77,1827.424447
94.253599,82,1827.503792
94.102143,84,1827.602784
94.102925,84,1827.704518
94.180253,83,1827.80586
93.999675,86,1827.909848
94.990385,76,1828.001301
94.99315,76,1828.099474
94.169284,83,1828.200655
95.111137,75,1828.282305
94.186348,83,1828.365197
95.134569,75,1828.439167
94.099998,84,1828.52275
95.153075,75,1828.597451
95.176613,75,1828.671161
95.104968,75,1828.746606
94.641071,78,1828.825918
94.248944,82,1828.912111
94.42451,80,1828.992811
94.640724,78,1829.070805
95.108167,75,1829.165062
94.527402,79,1829.251951
94.799361,77,1829.330362
93.957892,87,1829.414804
94.767866,77,1829.492175
94.798769,77,1829.569861
95.134296,75,1829.644464
94.986764,76,1829.719499
94.65241,78,1829.799331
95.116122,75,1829.87504
94.334983,81,1829.954664
94.798643,77,1830.032061
94.425095,80,1830.118552
94.425898,80,1830.200816
94.037372,85,1830.286191
94.657542,78,1830.364268
95.145039,75,1830.440152
94.637614,78,1830.519818
94.63595,78,1830.59926
94.998052,76,1830.675252
94.956032,76,1830.751361
95.144056,75,1830.828304
94.338198,81,1830.916133
94.336922,81,1830.998212
94.652521,78,1831.077727
93.985694,86,1831.172139
94.426105,80,1831.253499
95.170873,75,1831.32528
94.805166,77,1831.398494
94.106405,84,1831.478595
94.037965,85,1831.558545
95.16793,75,1831.630293
94.040549,85,1831.711392
94.932942,76,1831.783121
94.977293,76,1831.85558
94.108515,84,1831.936844
94.528666,79,1832.012859
94.175087,83,1832.091841
94.645922,78,1832.182377
94.942303,76,1832.272161
94.955492,76,1832.364403
94.802315,77,1832.458175
95.130839,75,1832.547296
95.147991,75,1832.637769
94.998894,76,1832.719074
94.813768,77,1832.797577
94.424778,80,1832.877848
94.058471,85,1832.96357
94.53391,79,1833.04276
94.526332,79,1833.121933
94.791268,77,1833.20579
95.137847,75,1833.281521
94.933733,76,1833.359405
94.423849,80,1833.442475
94.132221,84,1833.528697
95.108655,75,1833.606512
94.635806,78,1833.688549
94.532805,79,1833.768958
94.7814,77,1833.848159
94.642184,78,1833.932738
94.826529,77,1834.011806
94.935928,76,1834.091011
94.32881,81,1834.189616
94.814003,77,1834.279248
94.795544,77,1834.354932
94.534965,79,1834.432309
95.101862,75,1834.506202
94.242838,82,1834.586365
94.932546,76,1834.661063
94.337186,81,1834.740635
95.133008,75,1834.815938
95.161526,75,1834.889867
94.83082,77,1834.965719
94.125273,84,1835.0496
94.645654,78,1835.130286
94.64403,78,1835.225246
94.781895,77,1835.312737
94.639613,78,1835.390224
94.937625,76,1835.464544
94.940947,76,1835.540008
95.145876,75,1835.614187
94.187503,83,1835.695719
95.147917,75,1835.770737
94.424504,80,1835.850982
94.826691,77,1835.927743
94.330299,81,1836.006688
94.074526,85,1836.094573
94.171996,83,1836.190838
94.167573,83,1836.284458
94.991497,76,1836.35796
95.11555,75,1836.431309
93.95761,87,1836.514379
94.993276,76,1836.587272
94.818326,77,1836.660951
94.96998,76,1836.733858
94.978252,76,1836.806256
94.657928,78,1836.881257
95.141726,75,1836.95321
95.131763,75,1837.025236
94.815629,77,1837.09961
94.991617,76,1837.174145
94.662019,78,1837.257741
94.425023,80,1837.3369
94.951592,76,1837.412655
93.963072,87,1837.499706
94.930972,76,1837.577424
94.806562,77,1837.65534
94.778335,77,1837.732798
94.938869,76,1837.809113
95.150308,75,1837.88436
95.123783,75,1837.958833
94.042048,85,1838.042236
95.119488,75,1838.117277
94.656599,78,1838.207474
94.769089,77,1838.309329
95.16971,75,1838.390589
95.002,76,1838.467079
94.823302,77,1838.544291
94.53227,79,1838.640225
94.524495,79,1838.719467
94.331636,81,1838.799657
94.978438,76,1838.873838
94.80738,77,1838.954772
94.945565,76,1839.029532
94.525738,79,1839.106492
95.139517,75,1839.180535
95.166166,75,1839.264155
95.104451,75,1839.357256
94.527351,79,1839.453151
94.991581,76,1839.545052
95.002119,76,1839.638017
95.150283,75,1839.713054
94.969611,76,1839.792007
95.147047,75,1839.867163
94.33319,81,1839.949533
94.819855,77,1840.026248
94.182127,83,1840.108586
94.426065,80,1840.193181
94.171003,83,1840.294791
94.967999,76,1840.371867
95.121924,75,1840.445882
95.113135,75,1840.521733
94.806812,77,1840.599199
95.135597,75,1840.674865
95.126168,75,1840.750589
95.112534,75,1840.825425
94.793277,77,1840.903376
94.528284,79,1840.982148
95.11242,75,1841.05729
95.110135,75,1841.133143
94.536785,79,1841.212759
95.107331,75,1841.29646
94.122742,84,1841.382191
94.008615,86,1841.468909
95.107017,75,1841.545936
94.424994,80,1841.627924
94.982184,76,1841.706001
95.134232,75,1841.784437
94.256072,82,1841.869167
94.762958,77,1841.948173
94.658137,78,1842.027401
95.141475,75,1842.105847
95.161978,75,1842.182962
94.423672,80,1842.281841
94.942332,76,1842.381393
94.125384,84,1842.484237
94.773947,77,1842.57919
94.172411,83,1842.67635
94.976035,76,1842.754211
95.13962,75,1842.831603
94.983099,76,1842.909941
94.776261,77,1842.98949
94.972879,76,1843.068169
94.981057,76,1843.146691
94.797996,77,1843.225967
95.15545,75,1843.308207
94.814804,77,1843.408254
94.646607,78,1843.505262
94.525731,79,1843.601285
95.163051,75,1843.692892
94.535047,79,1843.788924
94.996489,76,1843.882121
94.337002,81,1843.985742
95.165445,75,1844.07648
95.00234,76,1844.169285
94.819865,77,1844.265281
94.829577,77,1844.366211
94.018392,86,1844.47187
94.7839,77,1844.566538
94.424596,80,1844.665171
94.336804,81,1844.752721
94.649145,78,1844.834414
94.996612,76,1844.912553
94.814928,77,1844.991955
94.982576,76,1845.080283
94.328817,81,1845.163872
94.252816,82,1845.248148
94.772034,77,1845.325817
94.765872,77,1845.40922
95.129899,75,1845.48484
94.333824,81,1845.566127
95.177423,75,1845.642225
94.95954,76,1845.719764
94.807469,77,1845.79807
94.047888,85,1845.88395
94.184622,83,1845.967781
94.965867,76,1846.044255
94.011412,86,1846.130589
95.167732,75,1846.213107
94.527371,79,1846.295135
94.663322,78,1846.378536
94.648842,78,1846.456881
94.798262,77,1846.53403
94.524233,79,1846.612919
94.251499,82,1846.692879
94.791513,77,1846.770086
94.777056,77,1846.84571
94.339191,81,1846.927314
95.129236,75,1847.00203
94.102941,84,1847.085199
94.769317,77,1847.159409
94.243158,82,1847.239427
95.181055,75,1847.309795
94.638454,78,1847.387074
95.121275,75,1847.457102
94.938856,76,1847.528758
93.900227,88,1847.611871
94.961306,76,1847.684676
94.664073,78,1847.75978
93.965795,87,1847.842149
94.534733,79,1847.918065
94.950135,76,1847.990675
94.799939,77,1848.063862
94.649273,78,1848.136792
94.989144,76,1848.228438
94.770636,77,1848.314508
94.824025,77,1848.396651
95.135707,75,1848.471874
95.155306,75,1848.546527
94.251573,82,1848.628292
94.964849,76,1848.704994
94.659381,78,1848.782831
94.424835,80,1848.863635
95.174236,75,1848.942835
94.973108,76,1849.019166
94.7781,77,1849.096373
94.038867,85,1849.180859
95.119486,75,1849.256414
95.14706,75,1849.337672
94.249382,82,1849.442283
94.523018,79,1849.53923
94.817296,77,1849.634426
95.104867,75,1849.725657
94.530456,79,1849.823585
94.990926,76,1849.91502
94.119319,84,1850.017502
94.251057,82,1850.117962
94.524659,79,1850.214358
94.7728,77,1850.297935
94.098864,84,1850.382333
94.65061,78,1850.467228
94.636439,78,1850.544781
94.785032,77,1850.622264
94.959684,76,1850.697922
94.938859,76,1850.775529
94.336823,81,1850.856917
94.111202,84,1850.940102
94.425167,80,1851.019703
94.111961,84,1851.104669
94.661013,78,1851.183765
94.328827,81,1851.265489
94.997905,76,1851.341257
94.526785,79,1851.419259
93.906791,88,1851.511694
94.794126,77,1851.588575
95.165821,75,1851.664133
95.112049,75,1851.738892
94.800528,77,1851.816859
94.989528,76,1851.893068
95.124606,75,1851.968252
94.255154,82,1852.049562
94.646438,78,1852.127378
94.333252,81,1852.227521
94.250786,82,1852.312452
94.787572,77,1852.389758
94.523016,79,1852.492943
94.964179,76,1852.58452
94.33761,81,1852.68114
95.122155,75,1852.773762
95.17714,75,1852.866565
94.328496,81,1852.964105
95.13426,75,1853.054945
94.334976,81,1853.145839
94.423952,80,1853.232229
94.528925,79,1853.326
94.335459,81,1853.423949
94.645269,78,1853.523292
94.771412,77,1853.617624
95.168483,75,1853.699682
95.104091,75,1853.775475
94.524246,79,1853.854985
94.960692,76,1853.93524
94.664931,78,1854.012994
94.424178,80,1854.092675
94.328425,81,1854.17127
94.261818,82,1854.254624
95.101795,75,1854.338873
94.637001,78,1854.43476
94.643076,78,1854.535978
94.936965,76,1854.626783
94.4247,80,1854.722405
95.160138,75,1854.813297
94.525762,79,1854.909482
94.244274,82,1855.009017
95.13878,75,1855.100419
95.13137,75,1855.175417
94.935241,76,1855.261139
94.525509,79,1855.339993
94.253359,82,1855.420685
94.990399,76,1855.497808
94.425721,80,1855.579095
94.972901,76,1855.653876
94.765262,77,1855.729348
95.1023,75,1855.803267
94.099207,84,1855.885827
94.071174,85,1855.96966
94.788816,77,1856.046347
94.939398,76,1856.120863
95.101723,75,1856.194599
94.242787,82,1856.293302
95.183137,75,1856.385176
94.194187,83,1856.486008
95.129528,75,1856.585063
94.788987,77,1856.674358
95.11916,75,1856.749178
94.950479,76,1856.823945
94.832641,77,1856.89925
95.183876,75,1856.973867
94.174882,83,1857.055301
94.258675,82,1857.136812
93.929577,87,1857.222404
94.53696,79,1857.299273
94.636094,78,1857.375692
95.173391,75,1857.452694
95.138867,75,1857.5295
94.984652,76,1857.604831
95.175402,75,1857.67808
94.423871,80,1857.75651
94.330374,81,1857.834707
94.183534,83,1857.913259
94.66179,78,1857.988683
95.129924,75,1858.059694
94.767997,77,1858.141118
94.129191,84,1858.244417
94.537729,79,1858.325254
94.256005,82,1858.407145
94.967158,76,1858.482659
94.962713,76,1858.564667
94.424587,80,1858.644611
94.107923,84,1858.728234
94.423865,80,1858.809122
94.426161,80,1858.889215
94.130113,84,1858.976835
94.188943,83,1859.05919
94.942327,76,1859.138157
95.172659,75,1859.21334
94.423776,80,1859.309467
94.425606,80,1859.394655
94.638053,78,1859.471657
94.533065,79,1859.553794
95.175933,75,1859.630529
94.338105,81,1859.711819
94.802121,77,1859.789977
94.660526,78,1859.868705
94.329966,81,1859.948905
94.966093,76,1860.026274
94.424556,80,1860.106176
94.662097,78,1860.185959
94.953266,76,1860.273417
94.776225,77,1860.350456
94.537279,79,1860.429049
94.782483,77,1860.505346
94.333786,81,1860.592595
94.261231,82,1860.674716
94.043278,85,1860.758889
95.118716,75,1860.833508
94.424307,80,1860.914339
94.998483,76,1860.990841
94.243453,82,1861.074651
95.168325,75,1861.150587
94.423961,80,1861.236676
94.249831,82,1861.320909
94.643868,78,1861.395875
94.794186,77,1861.469213
94.66536,78,1861.544055
95.139495,75,1861.622019
94.177576,83,1861.701274
94.770266,77,1861.774424
94.984103,76,1861.848567
94.523068,79,1861.924679
94.969791,76,1861.998532
94.957542,76,1862.071882
94.932806,76,1862.144532
95.148072,75,1862.216988
94.931162,76,1862.298545
94.243329,82,1862.38052
94.425525,80,1862.460707
94.533565,79,1862.539036
95.178779,75,1862.62109
94.185124,83,1862.704598
95.121128,75,1862.779835
94.655547,78,1862.855905
94.654736,78,1862.933394
94.533661,79,1863.012975
94.423686,80,1863.092234
95.103518,75,1863.166238
93.960257,87,1863.255265
94.107358,84,1863.337638
94.774424,77,1863.415265
93.901143,88,1863.503132
94.991008,76,1863.580124
94.937506,76,1863.661502
95.131223,75,1863.737089
95.158551,75,1863.812755
94.965863,76,1863.889255
94.774824,77,1863.970791
94.953477,76,1864.046695
94.425078,80,1864.12765
94.338034,81,1864.208582
94.763872,77,1864.300227
94.248023,82,1864.40041
94.046931,85,1864.503003
94.830173,77,1864.597059
95.106172,75,1864.687162
95.172503,75,1864.762424
95.140941,75,1864.837329
94.658885,78,1864.913925
94.525647,79,1864.991257
95.109109,75,1865.065483
94.782008,77,1865.141762
94.424356,80,1865.233986
94.825654,77,1865.32309
94.99687,76,1865.398502
95.162661,75,1865.472948
95.14936,75,1865.548558
94.663561,78,1865.626265
94.639729,78,1865.709861
94.257773,82,1865.791682
95.147427,75,1865.867676
94.333966,81,1865.948091
94.807132,77,1866.02476
94.424354,80,1866.105235
94.947748,76,1866.196433
94.636149,78,1866.292428
95.138087,75,1866.383146
94.966949,76,1866.474482
94.252871,82,1866.573082
94.247885,82,1866.678135
94.959099,76,1866.770907
94.53158,79,1866.851478
94.525235,79,1866.931715
94.818958,77,1867.009069
94.949239,76,1867.085265
95.166412,75,1867.158761
95.102405,75,1867.235307
95.144913,75,1867.309991
94.526167,79,1867.389121
94.04504,85,1867.473287
94.825143,77,1867.550733
95.135692,75,1867.625114
94.832901,77,1867.708572
95.112542,75,1867.783473
95.143773,75,1867.858369
94.424017,80,1867.9392
94.652446,78,1868.017052
94.170239,83,1868.10575
94.24426,82,1868.204028
94.775436,77,1868.288771
94.424741,80,1868.368649
93.990408,86,1868.452271
95.143451,75,1868.526934
95.162169,75,1868.599994
93.93967,87,1868.688577
94.259157,82,1868.772452
94.537097,79,1868.850278
95.154499,75,1868.937036
95.119878,75,1869.013195
94.806575,77,1869.089174
94.969833,76,1869.16365
94.533366,79,1869.241654
94.637389,78,1869.318844
94.052071,85,1869.402838
94.947523,76,1869.476869
95.155776,75,1869.548754
94.42556,80,1869.627486
95.154517,75,1869.705681
94.983513,76,1869.783131
94.97093,76,1869.860321
94.243313,82,1869.941901
94.659266,78,1870.019584
94.425656,80,1870.101135
94.789529,77,1870.179016
95.121982,75,1870.263949
94.767159,77,1870.346897
93.996672,86,1870.43406
94.536435,79,1870.513869
94.063623,85,1870.60027
95.10159,75,1870.676421
95.167765,75,1870.759242
94.785092,77,1870.838036
94.185035,83,1870.922919
94.019135,86,1871.010829
95.10593,75,1871.087198
94.527186,79,1871.166173
94.649854,78,1871.247022
95.169267,75,1871.324193
95.15429,75,1871.400191
94.639256,78,1871.479453
94.643387,78,1871.55911
95.179711,75,1871.635272
95.15435,75,1871.711594
94.975904,76,1871.795671
95.00024,76,1871.873186
93.91114,88,1871.960584
94.524185,79,1872.040416
94.040978,85,1872.136567
94.424195,80,1872.235994
94.832666,77,1872.32082
94.532675,79,1872.403038
95.108882,75,1872.479495
94.051035,85,1872.566576
95.134624,75,1872.643415
94.763554,77,1872.720816
94.11341,84,1872.811596
94.247566,82,1872.8943
93.932827,87,1872.983105
95.158471,75,1873.059525
94.954847,76,1873.136999
95.103344,75,1873.223481
94.654169,78,1873.319143
94.172481,83,1873.422783
94.951384,76,1873.520908
94.942202,76,1873.61506
94.005658,86,1873.72225
94.424522,80,1873.827789
95.002062,76,1873.922122
95.182505,75,1874.020308
94.333679,81,1874.119836
94.63695,78,1874.217152
94.253424,82,1874.319516
94.8297,77,1874.414784
95.125182,75,1874.508564
94.258943,82,1874.610064
94.645912,78,1874.695877
93.983701,86,1874.790639
94.533378,79,1874.871488
94.953544,76,1874.948672
94.998197,76,1875.026809
94.337352,81,1875.111883
94.425385,80,1875.190249
95.14258,75,1875.264431
94.336664,81,1875.343288
95.000837,76,1875.417765
94.424567,80,1875.495559
94.334532,81,1875.574477
94.039551,85,1875.657008
94.423704,80,1875.73238
94.190315,83,1875.818198
94.783365,77,1875.89297
93.995182,86,1875.975675
94.424532,80,1876.052599
95.108163,75,1876.12472
94.424699,80,1876.209423
94.424535,80,1876.309161
95.141208,75,1876.400893
94.529973,79,1876.498121
95.165021,75,1876.590124
94.771204,77,1876.68524
93.972752,87,1876.79227
94.530147,79,1876.895973
95.123954,75,1876.988285
94.831448,77,1877.083143
94.769006,77,1877.178475
94.972099,76,1877.255532
93.983406,86,1877.340621
94.797205,77,1877.417071
95.111071,75,1877.490865
95.139728,75,1877.565311
94.337616,81,1877.646018
94.185336,83,1877.729297
94.656109,78,1877.807131
94.523834,79,1877.891961
94.820371,77,1877.968074
94.821908,77,1878.044763
94.829122,77,1878.121073
94.933612,76,1878.196763
95.001371,76,1878.281126
94.950062,76,1878.360042
94.816945,77,1878.437351
94.110705,84,1878.521145
95.175946,75,1878.59622
95.131149,75,1878.669941
94.636378,78,1878.748504
94.423915,80,1878.828976
94.252628,82,1878.916815
95.166147,75,1878.996299
95.183804,75,1879.072783
94.663589,78,1879.15061
94.792858,77,1879.228034
94.125988,84,1879.313179
94.331835,81,1879.393984
94.786212,77,1879.470805
95.135696,75,1879.554711
94.534396,79,1879.633546
94.643766,78,1879.712222
95.153814,75,1879.786986
94.8314,77,1879.869879
94.980122,76,1879.946514
94.523327,79,1880.025079
93.945588,87,1880.111399
94.260248,82,1880.211027
94.641524,78,1880.306787
94.794244,77,1880.401256
94.112766,84,1880.505305
94.6353,78,1880.600183
94.328997,81,1880.698376
94.771098,77,1880.79316
94.817952,77,1880.893893
93.994331,86,1880.996676
94.424717,80,1881.09417
94.423762,80,1881.177429
94.251294,82,1881.260918
94.961918,76,1881.3369
94.245999,82,1881.420197
94.949868,76,1881.495211
94.249315,82,1881.576863
94.961883,76,1881.652876
95.154235,75,1881.727692
94.098931,84,1881.8123
94.424043,80,1881.899261
95.175697,75,1881.973639
94.818709,77,1882.050705
94.261096,82,1882.13816
94.106994,84,1882.24108
94.338857,81,1882.322599
94.636423,78,1882.398545
95.10384,75,1882.469377
94.424695,80,1882.547004
94.788809,77,1882.641248
94.425491,80,1882.724574
94.804421,77,1882.801824
94.810079,77,1882.880758
94.978634,76,1882.962822
95.120436,75,1883.037642
94.337647,81,1883.118603
94.832871,77,1883.195246
94.424263,80,1883.275738
94.424089,80,1883.354549
94.956033,76,1883.429838
94.532653,79,1883.507143
94.17719,83,1883.589607
94.329582,81,1883.670021
94.933129,76,1883.745284
94.425299,80,1883.825162
94.824618,77,1883.901285
95.144357,75,1883.985837
95.168911,75,1884.060877
94.245948,82,1884.142992
94.010995,86,1884.230666
94.425214,80,1884.314256
94.254995,82,1884.398026
94.817112,77,1884.476422
94.763201,77,1884.556199
94.820554,77,1884.63477
95.146435,75,1884.711722
94.52597,79,1884.792495
94.647601,78,1884.87414
95.183771,75,1884.957968
94.642947,78,1885.037162
94.816735,77,1885.115874
94.047769,85,1885.203137
94.960722,76,1885.290617
94.817464,77,1885.367482
94.974742,76,1885.441391
94.990147,76,1885.516042
94.332563,81,1885.594816
94.932656,76,1885.669122
95.001108,76,1885.742698
95.16192,75,1885.817083
94.938697,76,1885.893104
94.821054,77,1885.973874
94.650811,78,1886.055789
94.997806,76,1886.143418
94.169634,83,1886.227013
94.946693,76,1886.301234
94.801315,77,1886.377314
94.645716,78,1886.460006
94.822672,77,1886.536005
94.335525,81,1886.616645
94.528863,79,1886.695798
94.636,78,1886.777004
95.17338,75,1886.852632
94.328522,81,1886.93378
94.657692,78,1887.018319
94.994049,76,1887.094969
94.064023,85,1887.19283
95.158516,75,1887.268724
95.108508,75,1887.341783
94.103697,84,1887.424356
94.247324,82,1887.503918
95.126565,75,1887.579203
94.98779,76,1887.654021
94.979273,76,1887.729278
94.524504,79,1887.807908
94.94386,76,1887.883281
94.804169,77,1887.960099
94.957854,76,1888.039784
94.022771,86,1888.128221
94.6377,78,1888.22224
95.159326,75,1888.314097
94.981897,76,1888.405535
94.639621,78,1888.500369
94.328565,81,1888.598408
93.953417,87,1888.695205
94.930268,76,1888.771752
94.964733,76,1888.848701
94.831114,77,1888.925539
94.934964,76,1889.011451
94.332631,81,1889.091951
95.1438,75,1889.167541
94.987182,76,1889.242028
94.425037,80,1889.323201
94.636007,78,1889.402169
95.154468,75,1889.477863
95.103338,75,1889.551599
94.944183,76,1889.626878
94.051057,85,1889.712999
94.189631,83,1889.795913
94.9536,76,1889.871295
93.994087,86,1889.957146
94.771414,77,1890.038868
95.13336,75,1890.113865
94.122385,84,1890.201
93.93001,87,1890.307474
95.164611,75,1890.398743
95.1436,75,1890.489277
94.954147,76,1890.582394
95.121765,75,1890.673532
94.425143,80,1890.771207
94.132383,84,1890.872654
94.07316,85,1890.977356
95.109769,75,1891.074146
94.988651,76,1891.165081
94.173949,83,1891.254406
93.960633,87,1891.359889
94.261318,82,1891.458506
94.977878,76,1891.549942
94.942846,76,1891.641771
94.049874,85,1891.73088
94.109659,84,1891.814504
94.972293,76,1891.891805
94.814838,77,1891.971188
95.110911,75,1892.053648
95.166079,75,1892.129869
95.17738,75,1892.205244
95.134995,75,1892.282409
94.822858,77,1892.361206
94.645583,78,1892.440582
94.052422,85,1892.525833
94.536235,79,1892.605728
95.175266,75,1892.682016
94.810013,77,1892.762225
94.424203,80,1892.84252
95.112313,75,1892.919159
95.162784,75,1892.995072
94.335623,81,1893.09378
93.98753,86,1893.187916
94.523637,79,1893.276014
94.976045,76,1893.359307
94.966565,76,1893.451142
94.426108,80,1893.548003
94.169883,83,1893.649012
94.643612,78,1893.742473
94.961987,76,1893.834706
94.636958,78,1893.930265
94.251608,82,1894.035564
94.423901,80,1894.139081
95.140938,75,1894.228758
94.258121,82,1894.329723
94.424374,80,1894.426474
95.116634,75,1894.51763
94.772341,77,1894.610806
95.160895,75,1894.703974
94.424766,80,1894.800677
94.536122,79,1894.896562
94.256046,82,1894.995437
94.251141,82,1895.098491
94.260977,82,1895.17953
94.424529,80,1895.258996
94.331937,81,1895.358575
94.817147,77,1895.451177
95.162195,75,1895.529832
94.986465,76,1895.6044
94.170045,83,1895.686331
94.790272,77,1895.762
95.166828,75,1895.835968
94.971915,76,1895.910674
94.424118,80,1895.989843
95.107141,75,1896.069673
94.246505,82,1896.158918
95.174171,75,1896.237581
94.531425,79,1896.322959
93.904671,88,1896.408525
95.168456,75,1896.481009
95.159756,75,1896.554569
94.77018,77,1896.630601
94.947397,76,1896.703972
95.129066,75,1896.776533
95.110162,75,1896.850615
94.973075,76,1896.925313
95.148884,75,1897.00017
94.12456,84,1897.081462
94.32859,81,1897.16818
94.796706,77,1897.258025
93.981222,86,1897.363258
94.110487,84,1897.464835
94.992098,76,1897.556361
94.985627,76,1897.649477
95.00031,76,1897.732687
94.425399,80,1897.814133
94.179339,83,1897.896688
94.330965,81,1897.977256
94.938457,76,1898.05156
94.794646,77,1898.134059
94.792512,77,1898.228858
94.792692,77,1898.312551
94.769629,77,1898.389938
94.766511,77,1898.466783
94.523374,79,1898.544863
94.248776,82,1898.626417
95.17756,75,1898.702302
94.969643,76,1898.777543
94.110336,84,1898.864115
94.106722,84,1898.947579
94.939265,76,1899.029776
95.181785,75,1899.116894
95.161801,75,1899.198065
94.334524,81,1899.27657
94.978867,76,1899.35228
94.652724,78,1899.426521
94.424557,80,1899.503611
94.178807,83,1899.582777
95.281765,74,1899.653705
94.636147,78,1899.729622
94.647507,78,1899.805471
94.257215,82,1899.885662
94.777077,77,1899.96073
94.425397,80,1900.048755
94.940613,76,1900.142702
95.114188,75,1900.240795
95.167151,75,1900.316803
94.79223,77,1900.392975
94.339297,81,1900.474172
95.106816,75,1900.550182
94.774772,77,1900.62653
94.642548,78,1900.704595
95.144542,75,1900.779222
94.334693,81,1900.860411
94.248076,82,1900.94253
95.147513,75,1901.017549
94.959221,76,1901.094792
94.423986,80,1901.177255
95.10657,75,1901.257437
95.153296,75,1901.334799
95.102747,75,1901.411167
94.643516,78,1901.490388
94.169964,83,1901.575733
94.243218,82,1901.65914
94.112813,84,1901.744674
94.645866,78,1901.825049
94.330151,81,1901.90804
94.661313,78,1901.988113
95.002933,76,1902.066247
94.333892,81,1902.149383
94.945811,76,1902.232862
94.796849,77,1902.309053
94.247889,82,1902.389368
95.179841,75,1902.462078
94.976959,76,1902.535758
94.938086,76,1902.609485
94.763835,77,1902.684322
94.996005,76,1902.758533
95.118365,75,1902.831448
94.953621,76,1902.904562
94.643537,78,1902.979666
94.328644,81,1903.05895
94.980611,76,1903.146698
94.332019,81,1903.236115
94.986156,76,1903.315228
94.11898,84,1903.400204
94.665481,78,1903.480018
95.171255,75,1903.5555
95.170232,75,1903.632244
94.931883,76,1903.709871
94.252147,82,1903.7933
94.132613,84,1903.879569
93.933051,87,1903.972218
94.424299,80,1904.057726
94.423812,80,1904.145625
94.974252,76,1904.240903
94.988216,76,1904.319061
94.424024,80,1904.395689
95.103388,75,1904.468038
94.791723,77,1904.544004
93.928691,87,1904.632183
94.425478,80,1904.71205
95.113909,75,1904.786993
94.790655,77,1904.864937
94.173053,83,1904.947403
94.534112,79,1905.026214
94.424801,80,1905.122592
95.160919,75,1905.207019
94.807882,77,1905.289714
94.943163,76,1905.368959
94.167561,83,1905.454187
94.425435,80,1905.535776
95.12035,75,1905.611928
94.803733,77,1905.689795
94.973289,76,1905.766568
95.14992,75,1905.842561
94.425654,80,1905.925877
94.528947,79,1906.005287
95.144985,75,1906.080551
94.047747,85,1906.167712
95.140398,75,1906.246976
95.131236,75,1906.3304
94.528738,79,1906.410479
94.33488,81,1906.493096
95.182176,75,1906.568395
95.178843,75,1906.643958
94.665455,78,1906.723138
95.124864,75,1906.799509
94.82908,77,1906.878087
95.173641,75,1906.954492
94.104996,84,1907.040062
94.425732,80,1907.121673
95.103575,75,1907.198624
94.816491,77,1907.282989
94.657795,78,1907.363228
94.804694,77,1907.441137
94.425513,80,1907.521977
93.956742,87,1907.611264
95.125083,75,1907.687939
94.423666,80,1907.770134
94.530101,79,1907.850204
94.334083,81,1907.933194
95.101273,75,1908.009859
94.830069,77,1908.088546
94.246736,82,1908.172861
94.804676,77,1908.261237
94.253635,82,1908.367892
95.180684,75,1908.460493
94.783723,77,1908.553668
94.654528,78,1908.647764
94.949622,76,1908.739955
95.109021,75,1908.830237
94.789354,77,1908.923184
94.936547,76,1909.020111
94.522909,79,1909.113001
94.793779,77,1909.192441
94.785723,77,1909.269997
94.336588,81,1909.35788
94.334031,81,1909.437974
94.783099,77,1909.515672
94.828165,77,1909.593036
94.832329,77,1909.67032
94.172792,83,1909.752839
94.107499,84,1909.837945
94.659175,78,1909.915963
94.782116,77,1909.992664
94.986296,76,1910.068686
94.829742,77,1910.152912
95.169789,75,1910.242863
95.118394,75,1910.340453
94.246075,82,1910.438895
94.963146,76,1910.530588
94.789907,77,1910.623399
94.648446,78,1910.71752
94.644972,78,1910.813268
94.331161,81,1910.91167
95.110666,75,1911.003208
95.153735,75,1911.094677
95.161835,75,1911.174663
95.134917,75,1911.24715
94.175103,83,1911.330603
94.999748,76,1911.407211
94.646522,78,1911.482382
95.169438,75,1911.553542
94.933254,76,1911.625528
94.168698,83,1911.705806
94.992702,76,1911.778694
94.53483,79,1911.854671
94.426081,80,1911.935013
94.985713,76,1912.009115
94.775779,77,1912.085906
94.969202,76,1912.17155
95.166619,75,1912.261642
94.244633,82,1912.354726
94.059753,85,1912.436907
94.531035,79,1912.513773
94.42375,80,1912.589687
94.766495,77,1912.664448
94.533847,79,1912.739574
94.424445,80,1912.816411
94.99758,76,1912.88835
94.818484,77,1912.961941
94.976114,76,1913.033853
94.331316,81,1913.128756
94.008965,86,1913.223291
94.052508,85,1913.309223
94.964527,76,1913.390827
93.967272,87,1913.477941
94.170391,83,1913.560112
94.974951,76,1913.635699
94.635044,78,1913.714729
94.826444,77,1913.791392
94.777212,77,1913.868298
94.535986,79,1913.946116
94.97463,76,1914.027042
94.053928,85,1914.111403
95.17228,75,1914.203263
95.107987,75,1914.294399
94.647402,78,1914.397408
94.525434,79,1914.4933
94.939084,76,1914.586727
94.070505,85,1914.681741
94.798838,77,1914.759316
94.523916,79,1914.840167
95.140292,75,1914.915739
94.82587,77,1914.992507
94.52849,79,1915.071577
94.527831,79,1915.15115
95.133723,75,1915.228567
94.641437,78,1915.316944
94.77924,77,1915.400396
94.78053,77,1915.478372
94.16907,83,1915.565586
94.656219,78,1915.644233
94.950854,76,1915.71981
94.793908,77,1915.798202
94.971689,76,1915.873646
94.249335,82,1915.955316
95.118151,75,1916.031866
94.260448,82,1916.112437
94.965816,76,1916.206038
94.424465,80,1916.30074
95.183747,75,1916.391958
95.14236,75,1916.488416
94.970455,76,1916.582157
94.050418,85,1916.684494
95.174696,75,1916.759257
94.190247,83,1916.840399
94.958903,76,1916.916463
94.964077,76,1916.992203
94.064621,85,1917.074917
93.932158,87,1917.161991
95.000139,76,1917.246869
94.113294,84,1917.336445
