#{"t_start": 1615654823.016583, "env_id": "LunarLanderContinuous-v2"}
r,l,t
-67.078528,161,10.714925
-72.08418,84,10.748368
-64.680801,122,10.804826
-452.863799,135,10.869553
-37.650978,76,10.900925
-342.359058,96,10.942578
-208.343454,88,10.9783
-274.070521,99,11.017616
-170.81079,124,11.082196
-123.908017,146,12.90287
-310.266097,113,14.213872
-228.422647,129,15.692704
-323.652282,102,16.847922
-417.446061,169,18.769668
-301.73147,191,20.960655
-269.218203,181,23.02798
-258.313778,193,25.262976
-512.239254,224,27.861043
-240.059638,130,29.336916
-88.229334,245,32.305431
-21.926649,355,36.570393
-19.47587,1000,51.007203
33.205729,1000,64.723149
-8.389124,1000,78.366467
-51.191968,1000,92.744817
9.299497,1000,106.22052
-31.31048,1000,119.395386
-257.194148,786,129.438844
-1.787142,1000,144.227464
-46.184286,184,146.331933
20.617038,1000,159.809066
-238.131231,890,171.338659
-92.015415,100,172.480961
-218.060249,118,173.839608
-148.76222,676,182.429348
-2.493244,1000,195.69771
-5.593996,1000,208.753897
-389.761369,75,209.608153
-31.561778,1000,222.339676
-58.640162,1000,236.880739
-36.31039,1000,250.149337
-73.30537,102,251.305437
-290.111237,176,253.31755
11.620169,1000,267.917795
31.133469,1000,282.024264
-19.921293,1000,295.285731
14.28285,1000,308.54859
-15.075957,1000,322.151002
-17.8156,1000,336.469308
-35.472863,1000,350.654199
2.951109,107,351.880767
26.22625,1000,364.994212
-13.686444,1000,379.655774
-21.173483,1000,393.519907
-26.304691,1000,406.974971
-27.286168,1000,421.556192
-48.982145,1000,435.435424
-35.964942,1000,448.895131
-29.093469,1000,463.815162
-39.113429,1000,477.125093
-17.632082,1000,491.449463
-73.13751,343,495.473682
217.83379,356,499.762667
-42.614319,1000,513.383845
-14.103051,1000,527.423355
-0.227465,1000,541.159657
-49.111795,1000,555.345486
-39.831991,1000,568.392637
-19.881196,1000,582.521708
-29.955698,1000,595.379164
2.99889,1000,608.513858
-51.336715,1000,622.512928
151.479482,802,633.046649
138.18091,820,644.295477
233.714567,391,649.00696
39.758096,1000,663.27695
-14.334813,172,665.248794
-383.778006,354,669.559628
24.850362,1000,682.213478
209.522215,198,684.494284
-71.920175,129,685.951545
227.4975,387,690.696155
-9.56658,222,693.278668
211.739343,465,698.800118
-64.075277,142,700.404344
-224.10982,383,704.990172
-21.283106,125,706.440133
-36.335174,267,709.541431
249.972128,327,713.363229
-55.118851,244,716.200148
-75.21144,126,717.658056
133.324011,976,729.904396
-47.575992,1000,744.056363
15.541883,179,746.115319
101.462417,689,754.525816
160.967271,398,759.263139
223.339601,820,769.551164
187.148864,761,779.016343
223.634642,457,784.359935
-48.309616,1000,797.164551
179.321388,361,801.46016
-31.050636,107,802.705854
-66.588328,1000,815.680138
-88.864453,1000,829.192598
252.521989,268,832.383874
194.830136,910,844.454364
-59.707429,1000,856.659947
217.444283,773,866.651692
210.447678,670,874.859523
-173.948922,604,882.281001
263.905473,340,886.380992
-53.599504,1000,899.050481
271.403628,208,901.54656
-42.11575,1000,914.131659
-72.840729,1000,927.006636
-29.019905,1000,939.866408
223.94848,272,943.061471
-3.968676,1000,956.553865
230.95395,268,959.690218
247.130208,299,963.222312
213.204066,703,972.616569
162.207796,387,977.236016
252.035692,258,980.276724
226.169887,281,983.601075
-281.789909,308,987.269935
254.416525,535,993.921622
-108.749595,320,997.643454
252.917637,198,999.934864
218.16066,399,1004.822624
262.797745,458,1010.436482
256.869566,241,1013.248878
16.908452,1000,1026.735607
216.469622,289,1030.175042
231.758602,207,1032.587795
48.987775,142,1034.22047
258.077222,377,1038.759038
255.989963,260,1041.758535
178.484907,490,1047.777018
186.051911,651,1056.29639
251.093644,182,1058.355711
227.24745,313,1062.135421
265.938465,317,1065.981029
182.057122,803,1076.159563
-66.317617,1000,1089.96803
-84.790895,101,1091.132586
212.353118,260,1094.254718
-187.317121,905,1106.038076
-47.882324,106,1107.239911
-38.789778,162,1109.085037
-182.662825,621,1117.052821
-374.61967,572,1124.012918
-16.785217,144,1125.676008
17.575299,137,1127.251234
-77.570969,1000,1140.588263
-54.177199,132,1142.11154
-53.670174,159,1143.950803
-22.9709,117,1145.290006
248.269651,226,1147.91338
-73.246887,1000,1161.434117
-341.566219,223,1164.026088
11.31225,148,1165.764839
28.38876,133,1167.2828
166.357903,694,1176.484215
198.431476,211,1178.901938
172.304314,388,1183.606982
-93.520953,1000,1196.833893
197.906229,507,1203.075946
-50.00061,1000,1215.318876
-53.839847,1000,1227.903813
-33.218749,1000,1240.589095
-42.643565,1000,1253.643657
-29.668752,1000,1266.493401
267.997855,287,1269.861013
-46.333501,1000,1284.434087
267.63034,308,1288.104668
-36.975047,1000,1301.950136
279.674802,228,1304.658566
301.630847,276,1307.903575
277.432858,227,1310.547802
193.188647,410,1315.577
293.372201,241,1318.423234
272.165628,189,1320.644233
280.308696,232,1323.364966
181.294519,484,1329.335811
126.498912,1000,1342.131333
301.833548,241,1344.924799
237.259244,181,1347.027526
234.346961,759,1356.105835
216.939168,631,1363.794672
276.331051,228,1366.470134
297.038554,242,1369.360668
229.940286,234,1372.077351
243.887555,249,1374.98538
290.25186,234,1377.756115
271.683613,279,1381.08736
166.243515,964,1393.029965
291.635143,243,1395.863284
277.332287,265,1398.994051
263.85762,576,1406.308364
252.476187,261,1409.394334
257.904776,690,1417.959293
229.066969,369,1422.373109
209.018854,701,1430.650022
218.882196,254,1433.642789
233.87962,248,1436.579509
224.829579,246,1439.598037
263.590733,158,1441.395026
182.467681,590,1448.61597
267.467922,292,1452.036014
135.908526,1000,1464.933169
284.237373,246,1467.838362
183.827255,781,1477.66078
229.803596,187,1479.843297
237.819906,820,1490.209061
224.236605,182,1492.332513
265.706409,708,1501.036358
229.722524,526,1507.77768
237.315163,282,1511.041324
271.273927,263,1514.225523
262.258763,441,1519.553418
250.183651,253,1522.519717
266.300908,985,1535.161714
257.49586,428,1540.321175
228.674716,332,1544.353159
230.582464,286,1547.749042
249.122286,262,1550.866397
267.850074,335,1554.931868
236.580676,323,1558.747934
262.801193,257,1561.823717
212.902598,684,1570.770186
317.064178,239,1573.500149
297.476493,240,1576.271879
227.714412,292,1579.761653
229.453218,247,1582.643641
226.587986,306,1586.271171
112.817721,1000,1598.513074
279.786888,243,1601.401593
233.368795,360,1605.699485
235.371009,285,1609.105614
282.28793,257,1612.08179
52.002031,144,1613.736804
274.943619,250,1616.638984
218.835006,269,1619.83298
215.55475,412,1624.74709
202.256681,269,1627.923145
244.723814,394,1632.599926
288.251716,299,1636.183256
218.695379,360,1640.462192
276.603251,231,1643.111112
271.261056,336,1647.033439
59.387643,192,1649.256002
249.705152,327,1653.093256
264.680646,282,1656.357645
289.795474,221,1658.895352
-12.437351,254,1661.863211
295.079138,272,1665.057939
284.966529,443,1670.559987
210.307281,362,1674.815289
268.527584,260,1677.919472
-15.562391,142,1679.548451
241.948002,285,1682.943104
-37.475133,72,1683.750272
229.186775,430,1688.908514
284.184651,315,1692.610449
229.354258,269,1695.798709
231.091632,365,1700.16047
237.022503,216,1702.678399
263.467068,307,1706.298645
239.609948,230,1708.979037
267.114523,222,1711.641834
244.589668,300,1715.254918
256.962963,240,1718.061217
260.207556,263,1721.163769
-361.36993,159,1722.968925
241.559809,255,1725.962166
207.667418,269,1729.169674
228.183843,247,1732.111839
269.612247,381,1736.693172
268.033707,308,1740.45415
13.856451,225,1743.077285
226.589086,239,1745.872765
213.062844,306,1749.512938
233.308645,352,1753.616711
233.800689,253,1756.572672
-333.842169,160,1758.419373
236.39546,219,1760.986119
255.465631,208,1763.425192
265.654386,338,1767.465238
297.929657,241,1770.271585
249.145655,245,1773.147691
236.87921,322,1776.984003
261.261806,264,1780.108439
251.958924,312,1783.861333
-0.961304,172,1785.851815
199.634207,308,1789.602566
81.297591,181,1791.719979
-14.373416,168,1793.687536
-47.64703,206,1796.081981
244.78402,260,1799.18025
237.572023,274,1802.373856
281.754272,261,1805.507627
254.853201,237,1808.241456
-28.481309,163,1810.111158
250.059359,243,1812.939191
255.158856,271,1816.094603
248.251163,455,1821.688352
254.638434,285,1825.103321
289.156959,235,1827.849151
39.862249,179,1829.951996
279.487611,302,1833.529947
283.166753,276,1836.70478
239.059645,209,1839.105398
277.925063,183,1841.226047
277.635509,289,1844.651746
-7.645569,151,1846.394779
253.493794,227,1849.059999
250.20716,253,1852.074677
251.135273,247,1854.954286
291.75667,303,1858.562138
-46.471145,138,1860.135883
243.326243,267,1863.2967
-72.47561,117,1864.64596
21.393092,183,1866.741206
229.289115,282,1870.076596
238.14123,326,1873.97397
259.201472,349,1878.136836
41.322758,176,1880.158626
246.640924,587,1887.560895
258.934668,324,1891.373855
265.704346,263,1894.470705
231.917165,347,1898.549723
272.746196,283,1901.905846
281.91447,240,1904.70903
263.303166,230,1907.396861
246.071231,575,1914.29644
275.708892,234,1917.053771
277.439214,243,1919.911334
244.713289,655,1927.9283
260.306925,315,1931.694508
237.800222,518,1937.958969
265.350744,264,1941.097687
267.952116,298,1944.659076
244.552035,230,1947.357146
35.115468,134,1948.901904
265.692205,306,1952.592976
266.532168,262,1955.661534
268.087015,304,1959.278318
268.951241,312,1963.017981
56.110002,152,1964.770684
263.307637,242,1967.574476
234.53524,682,1976.247409
238.699612,228,1978.923244
298.184471,243,1981.78649
233.060501,282,1985.13493
270.294136,197,1987.400551
309.588118,229,1990.095657
304.837816,214,1992.592416
241.551579,249,1995.493515
-39.515258,469,2001.067206
232.376208,367,2005.4128
266.183733,311,2009.086428
255.396892,326,2012.927715
145.993074,1000,2025.392891
245.588289,227,2028.050125
276.588207,269,2031.207977
260.606715,217,2033.753538
265.301998,318,2037.533748
240.304626,228,2040.30038
246.615503,241,2043.096144
257.0451,198,2045.380387
225.652686,223,2047.968841
257.910657,261,2051.015798
272.076466,253,2054.013928
255.887548,255,2057.02992
240.068974,225,2059.639213
249.174291,277,2062.908258
277.971311,165,2064.801823
221.198609,686,2073.670037
217.360596,419,2078.79759
272.704405,166,2080.696191
246.147483,267,2083.882067
277.196026,238,2086.650696
234.907662,250,2089.56217
259.630849,359,2093.843924
247.058607,225,2096.503824
254.850124,249,2099.496332
268.330481,241,2102.293332
274.333864,358,2106.578372
255.878077,244,2109.445222
268.473046,353,2113.638764
255.63714,244,2116.53115
266.266515,278,2119.807328
270.344338,275,2123.093467
294.302355,253,2126.036471
246.293753,229,2128.742925
252.10193,215,2131.320728
217.90155,269,2134.61679
271.871731,239,2137.370986
268.127232,216,2139.881535
241.262994,251,2142.811712
1.599195,164,2144.689825
280.235142,442,2150.076451
250.401444,235,2152.892313
258.957428,264,2156.009146
239.311152,266,2159.136105
264.724563,261,2162.325115
248.076084,738,2170.956245
241.360058,271,2174.152903
274.371485,241,2176.950905
263.349574,209,2179.407967
300.32315,284,2182.749629
244.752401,236,2185.483788
284.874559,231,2188.159048
274.615376,254,2191.173256
270.572274,264,2194.339819
262.700488,248,2197.237983
265.463544,290,2200.667991
285.310671,245,2203.518796
301.494957,227,2206.144451
257.217487,212,2208.6329
244.527372,346,2212.717764
290.99107,208,2215.105021
249.393825,208,2217.516703
223.915719,265,2220.607365
269.749587,239,2223.397809
252.587543,278,2226.677884
243.397566,549,2233.35843
278.433952,295,2236.81669
242.734198,227,2239.459943
251.323062,191,2241.678816
272.905058,352,2245.791028
275.291989,180,2247.885039
228.213405,418,2252.865924
283.422712,269,2256.040213
237.851131,256,2259.030333
302.684468,259,2262.08099
238.745399,229,2264.767476
-26.080209,179,2266.79549
277.096685,246,2269.667438
-322.334345,246,2272.509873
265.148938,218,2275.053022
229.157205,237,2277.835711
300.889089,202,2280.265182
283.947581,196,2282.524204
298.630691,215,2285.004344
298.346827,176,2287.081758
217.317919,754,2296.401009
-14.417005,72,2297.205467
261.153486,238,2299.995055
291.564974,257,2302.987678
263.280502,228,2305.687633
297.495952,214,2308.169554
212.793282,406,2313.084723
10.932334,101,2314.251163
300.55116,240,2317.03457
259.148365,241,2319.851972
278.951914,241,2322.691309
252.558116,227,2325.331283
229.606296,594,2332.73706
272.227576,640,2340.768148
275.807664,207,2343.160426
281.872066,227,2345.766941
257.947588,215,2348.296805
-377.247395,385,2353.017465
300.597683,224,2355.655273
215.632617,231,2358.400177
261.169608,369,2362.897391
248.339244,274,2366.145235
246.033691,200,2368.465304
249.55524,225,2371.075364
230.114086,365,2375.481441
279.522203,191,2377.688548
208.984691,485,2383.692219
244.973893,356,2387.888387
-70.294029,337,2391.876775
261.532343,298,2395.408946
244.286788,216,2397.898944
299.915893,229,2400.532356
273.508896,186,2402.664773
256.375942,214,2405.146843
104.860478,1000,2417.401058
254.618612,519,2423.811759
233.777307,281,2427.180963
256.138929,333,2431.259784
253.79385,234,2434.111098
267.976642,164,2435.956735
279.430646,253,2438.899962
249.565869,211,2441.34232
210.991435,244,2444.197293
256.848937,245,2447.031676
252.642849,246,2449.885413
269.545102,285,2453.207145
254.992404,230,2455.905519
275.09639,265,2458.982671
247.327667,276,2462.261528
274.294184,170,2464.292618
272.328844,401,2469.08592
202.177703,911,2480.475914
289.35204,208,2482.845198
232.602267,231,2485.560278
262.884259,216,2488.095076
191.868004,285,2491.457169
291.912051,233,2494.273018
244.642126,334,2498.232989
272.835786,322,2502.036639
245.451815,213,2504.470144
296.348271,238,2507.230244
294.268978,238,2510.015164
237.047615,252,2512.916491
247.672611,211,2515.356021
281.850657,309,2519.025287
266.755935,194,2521.303542
261.40039,220,2523.858989
317.681091,209,2526.287936
268.871763,188,2528.458384
262.546741,210,2530.878696
241.751535,200,2533.176917
22.809219,115,2534.490654
277.33367,184,2536.579306
278.194868,192,2538.816365
248.468607,230,2541.522302
271.158585,367,2545.821631
264.953167,262,2548.809082
318.627033,174,2550.788806
220.364381,808,2560.259389
272.899015,187,2562.41123
277.990076,216,2564.925311
244.800943,242,2567.707462
287.538538,251,2570.62689
298.29191,266,2573.731851
245.556723,225,2576.374706
286.898685,177,2578.40968
262.484342,214,2580.890519
193.832834,292,2584.319288
309.555355,197,2586.633943
283.895043,179,2588.703333
273.661914,212,2591.184419
236.025601,199,2593.485616
-237.521127,296,2596.973619
219.28519,217,2599.511107
262.943466,200,2601.849525
259.408233,203,2604.258615
273.033526,204,2606.641356
288.379299,257,2609.617939
254.948624,209,2612.002919
31.968225,119,2613.376004
252.833209,392,2618.230881
283.240037,218,2620.893153
308.237306,219,2623.457149
226.845952,176,2625.483513
267.163844,227,2628.116763
283.059835,184,2630.258284
286.712863,226,2632.849982
252.892595,226,2635.477974
250.172018,213,2638.057369
237.325782,206,2640.512605
289.77212,290,2643.913861
295.264911,255,2646.89081
242.51617,256,2649.887633
248.537119,207,2652.317637
294.850688,239,2655.104618
270.145132,247,2657.97261
310.332666,232,2660.63727
193.945075,343,2664.817202
301.537141,254,2667.741851
257.794827,214,2670.166481
272.254835,201,2672.458286
249.396439,240,2675.28098
308.105664,273,2678.450236
230.573785,189,2680.635899
277.452181,220,2683.195721
261.390757,193,2685.451812
295.522855,255,2688.462363
298.46454,225,2691.104113
283.58083,243,2693.994707
246.23599,204,2696.355287
236.573159,198,2698.645806
257.066489,200,2700.940125
280.917073,175,2702.937248
269.998786,301,2706.444717
261.346099,251,2709.348403
262.155004,192,2711.515118
283.190627,281,2714.810931
265.828111,205,2717.184194
273.136977,234,2719.948917
273.133891,229,2722.59219
301.85461,220,2725.189509
188.734521,191,2727.379572
225.883492,211,2729.822437
275.859258,208,2732.258466
287.063552,216,2734.805831
259.739231,209,2737.219356
247.069795,214,2739.768742
277.043862,189,2741.932045
296.663068,254,2744.891629
261.016028,173,2746.860689
270.539876,185,2748.99187
309.709386,222,2751.604421
239.539555,251,2754.538186
279.026429,209,2757.007776
299.237317,216,2759.550821
286.553244,267,2762.702785
214.593275,925,2774.146436
301.161944,236,2776.89933
266.173659,203,2779.272068
233.147923,255,2782.293897
239.43209,220,2784.89731
310.621499,198,2787.154203
260.201505,211,2789.646149
278.993276,200,2791.9756
276.992089,200,2794.322836
264.317253,219,2796.832466
236.235067,241,2799.634103
276.151756,236,2802.397533
276.771606,183,2804.503397
33.254968,133,2806.009669
301.199994,196,2808.239669
239.01297,276,2811.480937
271.924487,415,2816.437919
325.588867,183,2818.553453
305.016595,209,2821.007088
302.310157,884,2831.711792
280.376946,203,2834.027864
265.592381,186,2836.19331
266.565201,186,2838.352118
236.561568,278,2841.689396
310.281078,179,2843.767055
220.048716,271,2846.990341
299.855755,206,2849.406147
283.374538,183,2851.525681
-188.767437,242,2854.440551
292.913281,202,2856.779943
313.089,224,2859.350132
255.376096,266,2862.436586
296.317206,188,2864.601906
271.099056,162,2866.445879
297.552917,207,2868.803297
282.708022,190,2870.993676
281.088396,205,2873.35516
306.460273,216,2875.852545
214.433974,203,2878.290117
275.368008,239,2881.082981
288.37841,440,2886.32031
302.051864,226,2888.958634
253.052856,181,2891.023417
259.366229,216,2893.493582
284.631311,205,2895.851118
284.27215,213,2898.272225
276.772057,241,2901.086848
267.774466,182,2903.174261
271.940939,220,2905.706633
288.058824,365,2910.071723
267.148813,236,2912.828127
277.00746,219,2915.397709
299.220526,204,2917.748736
295.914222,208,2920.155883
297.984276,194,2922.458922
278.099007,225,2925.088617
39.786979,133,2926.621512
260.216261,208,2929.003378
281.836906,171,2931.021534
308.396463,195,2933.293435
272.159322,161,2935.149264
290.941364,219,2937.755551
258.199458,217,2940.406909
260.873731,171,2942.376832
265.440764,448,2947.739999
259.532268,194,2949.976988
260.757137,212,2952.419571
284.845011,195,2954.667018
233.521025,259,2957.715162
299.861009,192,2959.965291
290.739064,205,2962.307164
307.965334,219,2964.828551
-69.078351,269,2967.94752
296.301997,233,2970.666695
282.965698,185,2972.874913
293.202284,333,2976.902961
20.189887,1000,2990.166992
237.203101,263,2993.299133
271.854029,239,2996.096047
308.240489,216,2998.701128
239.208234,278,3002.035544
264.161669,221,3004.626738
-127.27633,300,3008.157702
301.331885,350,3012.326306
280.268007,187,3014.492398
263.477327,482,3020.22043
299.458227,210,3022.655619
-202.746065,753,3032.062941
279.883981,152,3033.857758
283.403634,199,3036.18231
-27.115755,1000,3049.652841
290.45829,182,3051.768034
289.855423,216,3054.324064
165.591412,1000,3066.815564
266.300047,260,3069.876622
267.335438,419,3074.943478
253.763591,238,3077.724339
267.617732,173,3079.728274
270.213354,226,3082.368061
249.310533,203,3084.766794
203.392693,240,3087.62812
237.006567,252,3090.617683
243.835434,178,3092.722586
241.410892,803,3102.445643
246.408817,222,3105.047406
18.076704,145,3106.698359
259.796908,284,3110.045351
-42.223024,1000,3123.38787
256.337982,240,3126.163945
242.261531,261,3129.234948
291.929105,195,3131.473748
302.857187,200,3133.785404
267.492588,508,3139.719724
8.967089,84,3140.686775
11.574301,93,3141.754171
225.123627,247,3144.655248
294.784344,199,3146.932194
252.995844,172,3148.927446
276.103367,198,3151.234522
276.01016,214,3153.764384
286.088019,207,3156.167402
26.907482,105,3157.369038
258.734824,198,3159.658787
272.823543,200,3161.997324
39.913587,114,3163.27828
275.193044,246,3166.18658
260.830762,250,3169.141112
16.86978,123,3170.528743
314.532274,220,3173.049485
242.24942,166,3175.010057
308.036939,199,3177.288154
261.536342,180,3179.379747
275.275643,211,3181.849744
249.741266,258,3184.878691
238.26251,222,3187.487514
248.727818,267,3190.657214
316.588711,238,3193.405984
238.843094,394,3198.184854
258.126442,262,3201.258838
229.935583,206,3203.625778
274.636968,195,3205.886428
275.201183,158,3207.711785
311.002896,222,3210.294053
276.614553,191,3212.50597
257.307662,190,3214.737534
245.145853,234,3217.45529
256.088208,168,3219.414369
294.144989,226,3222.012838
248.552289,215,3224.510221
297.720676,229,3227.166881
220.907286,290,3230.592797
249.53715,765,3239.973637
259.749918,211,3242.395543
239.283589,293,3245.888369
274.911511,230,3248.5614
-13.889043,86,3249.539205
261.935245,198,3251.851397
276.048505,323,3255.717178
268.759889,407,3260.455345
263.350399,271,3263.621278
271.563953,196,3265.890511
225.106361,247,3268.736766
267.123633,219,3271.246452
-119.535135,415,3276.235263
261.993973,185,3278.365765
272.20716,205,3280.738542
247.982239,198,3283.006245
228.892277,244,3285.902555
266.44566,226,3288.547804
236.118651,249,3291.435109
256.18471,322,3295.263617
292.02507,190,3297.441705
241.80204,207,3299.84604
273.282375,204,3302.18927
234.519674,189,3304.356114
286.729078,193,3306.565586
306.184507,193,3308.787222
243.097416,252,3311.767553
260.182465,236,3314.498073
280.159824,207,3316.926955
275.131635,220,3319.51939
226.912888,283,3322.878228
286.258456,184,3325.007971
-161.556187,170,3326.958258
271.906027,193,3329.246103
295.38226,214,3331.746076
276.221602,205,3334.166292
254.048491,318,3337.959867
0.802516,86,3338.956119
230.193746,632,3346.678828
253.857826,209,3349.149349
292.099078,311,3352.92088
240.127293,257,3355.914601
-35.000587,112,3357.204543
291.694653,201,3359.559605
284.283006,209,3361.97385
231.751794,240,3364.797675
210.722036,273,3367.965161
266.897988,187,3370.135272
289.264567,184,3372.264473
276.603313,203,3374.615286
255.468077,260,3377.647308
241.255743,307,3381.29206
279.330304,224,3383.950579
266.950878,225,3386.572198
207.240342,211,3389.04528
265.961608,233,3391.753936
232.16717,239,3394.61314
236.670078,227,3397.364985
289.200805,219,3399.928666
-187.229677,962,3412.090469
226.508858,179,3414.171237
285.932996,215,3416.686619
261.020339,195,3418.981983
234.015104,223,3421.58023
268.631329,227,3424.236897
288.982864,279,3427.463734
251.092532,257,3430.433791
-16.468236,120,3431.788233
279.520783,207,3434.21245
225.513527,243,3437.082643
250.836727,758,3446.275299
239.567093,207,3448.679765
221.974328,192,3450.901877
235.120099,241,3453.731005
247.285251,548,3460.272721
269.593603,216,3462.770595
226.873682,218,3465.308689
314.807527,235,3468.056679
265.894985,250,3470.964379
243.699623,334,3474.869977
247.061446,214,3477.414101
273.309588,250,3480.370751
-1.727063,121,3481.761434
277.41972,244,3484.693849
265.264825,284,3488.090133
233.538987,221,3490.661957
201.289031,205,3493.042794
247.7089,994,3505.289122
293.414888,267,3508.43031
254.126862,229,3511.131756
238.320826,212,3513.594628
299.841108,263,3516.719755
246.434926,281,3520.006891
276.165355,196,3522.26182
224.391393,206,3524.61677
271.574878,244,3527.462546
313.013076,248,3530.344198
270.668555,224,3533.002945
268.258462,221,3535.572366
252.88939,195,3537.956939
304.052272,198,3540.370416
300.772753,248,3543.281346
266.497363,268,3546.456882
249.718941,289,3549.858993
276.108742,364,3554.108108
291.113458,228,3556.705851
221.877658,204,3559.056204
248.974525,210,3561.506472
294.879536,252,3564.459992
292.279153,238,3567.278979
245.558593,218,3569.828009
263.489342,240,3572.649116
253.011949,744,3581.553871
297.622054,192,3583.743886
288.587943,214,3586.200676
140.438094,1000,3598.451406
235.883457,238,3601.290173
289.235482,227,3603.946321
280.739378,209,3606.335843
251.558545,562,3612.93804
205.05633,191,3615.169212
264.316461,211,3617.634759
235.463198,184,3619.762404
235.152318,225,3622.401129
282.369632,212,3624.865666
229.385929,230,3627.532867
298.941188,231,3630.225548
246.247034,207,3632.628727
245.055066,225,3635.262536
279.686679,213,3637.734935
294.927556,227,3640.404214
145.574976,1000,3652.472222
302.732659,210,3654.936344
253.6752,232,3657.657089
308.583564,224,3660.320288
241.311948,216,3662.836159
260.875559,216,3665.333942
296.878526,223,3667.909182
307.883217,221,3670.514544
214.598563,365,3674.851844
274.786869,213,3677.325608
300.555754,197,3679.619111
302.765473,235,3682.412282
283.830057,247,3685.266449
285.144354,221,3687.840802
277.830961,270,3691.022438
262.174125,210,3693.468385
261.108885,325,3697.381492
295.308338,229,3700.052964
294.773064,228,3702.729676
298.964611,219,3705.349736
130.054802,1000,3717.508748
302.456458,228,3720.175941
238.628927,209,3722.61733
255.266888,197,3724.906751
250.011761,202,3727.238415
240.005196,500,3733.280395
283.927952,216,3735.790681
247.109558,256,3738.800712
283.585341,219,3741.382987
214.037989,334,3745.376215
221.68226,358,3749.692844
276.063765,232,3752.40985
295.617869,227,3755.06311
279.980704,251,3758.00574
282.754133,223,3760.600237
278.981936,197,3762.91625
238.707016,306,3766.520287
249.048824,291,3769.905234
238.715247,207,3772.313997
257.20538,210,3774.81586
278.030542,212,3777.335344
259.119248,230,3780.040067
227.044798,263,3783.152174
267.226334,216,3785.64498
231.834037,208,3788.055929
220.249572,287,3791.432191
263.458349,222,3794.028555
295.870599,218,3796.616585
287.938488,216,3799.150681
279.502256,179,3801.213389
283.326085,171,3803.201252
314.893723,196,3805.489644
296.715612,225,3808.152192
285.218885,170,3810.15502
264.088979,205,3812.610422
245.301804,227,3815.295908
254.494517,204,3817.687093
254.885868,167,3819.621689
254.65211,255,3822.642137
284.581513,222,3825.173012
258.334175,264,3828.215765
260.618631,216,3830.745499
284.403563,240,3833.61969
260.096065,196,3835.895343
309.943505,232,3838.725781
241.33894,191,3840.959107
265.492922,208,3843.368761
276.528693,221,3845.998417
276.242075,205,3848.378236
279.610475,209,3850.79073
269.83462,212,3853.303168
259.220222,166,3855.221187
309.858868,201,3857.573355
281.925551,218,3860.120618
255.34006,197,3862.40091
285.520617,201,3864.719116
313.193652,201,3867.052299
274.873567,200,3869.35196
298.655631,187,3871.506303
315.289996,200,3873.859012
292.126961,202,3876.226996
276.469813,191,3878.485826
314.623933,194,3880.751256
295.361223,189,3882.947751
249.848502,176,3885.020593
297.489381,211,3887.498432
303.61161,209,3889.972486
295.569033,205,3892.384655
290.111933,164,3894.30512
276.16288,242,3897.194311
269.731034,167,3899.144862
294.189465,194,3901.438897
292.500651,186,3903.644645
257.689549,182,3905.772221
280.061175,199,3908.092278
252.973296,191,3910.344038
257.54022,197,3912.704374
240.976138,191,3914.931433
266.357589,213,3917.404644
297.639419,206,3919.784175
302.710242,206,3922.222751
276.697117,201,3924.60061
304.945041,193,3926.876003
246.630171,202,3929.262049
263.45967,211,3931.76775
300.800142,181,3933.892103
280.009623,200,3936.270838
289.198924,208,3938.71579
254.426749,183,3940.829489
228.370562,198,3943.117516
264.577044,196,3945.459847
292.855585,229,3948.146422
245.697667,203,3950.517575
310.30068,184,3952.677037
305.973895,195,3955.01065
278.915778,199,3957.363327
265.262454,164,3959.330388
279.79801,197,3961.685945
269.422703,184,3963.841115
263.541452,180,3965.982674
221.033376,256,3969.014057
298.928825,194,3971.342412
278.055272,258,3974.423157
303.258793,185,3976.598818
285.155187,160,3978.472647
299.276607,210,3980.954984
287.585922,166,3982.908742
287.755808,192,3985.150672
234.603979,184,3987.294837
261.858176,178,3989.391522
292.107036,240,3992.213284
254.191351,205,3994.615228
316.1336,196,3996.920528
221.998553,186,3999.062062
271.601639,168,4000.971829
301.073816,210,4003.436071
235.776524,205,4005.8617
278.188647,172,4007.866069
289.926479,203,4010.25995
285.308939,167,4012.22622
316.260239,181,4014.309664
273.898598,198,4016.679903
281.526725,172,4018.673808
295.954696,208,4021.122366
247.982707,185,4023.313891
250.633496,188,4025.518226
269.065767,175,4027.600534
239.714206,160,4029.455471
296.210138,205,4031.844043
285.653733,165,4033.771293
282.014935,198,4036.092173
291.329973,168,4038.065185
302.534378,217,4040.591877
289.793728,206,4043.006161
292.590487,188,4045.228758
301.414913,197,4047.499722
234.71324,184,4049.670243
291.909083,171,4051.694538
293.853811,196,4054.031572
284.246504,172,4056.051438
225.13805,176,4058.110377
301.381893,177,4060.203311
303.563343,206,4062.612708
305.656631,189,4064.824833
288.236697,191,4067.051764
291.081705,185,4069.232068
284.535826,180,4071.333972
287.748669,200,4073.677482
314.079646,229,4076.372775
273.462396,163,4078.297586
289.655572,178,4080.404688
288.122346,165,4082.326995
267.714058,212,4084.817735
288.524699,219,4087.357798
284.23173,208,4089.759077
290.514411,187,4091.933656
266.308957,192,4094.148415
284.151826,152,4095.89996
259.375524,160,4097.739672
256.291554,184,4099.862486
292.374039,185,4102.016421
290.402964,196,4104.305542
223.114474,200,4106.619272
262.598697,195,4108.878374
279.281022,204,4111.334234
291.671843,191,4113.530666
300.554979,179,4115.676936
284.613127,238,4118.472881
273.276344,198,4120.785464
243.571571,191,4122.987045
254.887876,190,4125.174982
275.678194,160,4127.031727
264.072563,176,4129.038521
284.706952,424,4134.089906
302.017369,177,4136.175625
297.868611,196,4138.60875
311.360103,221,4141.2683
293.945721,159,4143.153568
314.412737,172,4145.190874
314.369536,189,4147.384037
273.633425,179,4149.466295
303.05377,196,4151.729333
311.56436,202,4154.078129
273.287099,172,4156.045035
265.794415,198,4158.304025
304.394974,207,4160.686203
253.388089,195,4162.929552
270.399601,189,4165.125302
297.214203,188,4167.282886
284.503825,202,4169.641356
305.829628,217,4172.162003
246.114011,179,4174.203367
244.393859,182,4176.330256
241.136348,182,4178.411928
247.161966,183,4180.54165
278.442742,187,4182.682361
272.098342,208,4185.139633
247.588549,178,4187.192705
273.924054,190,4189.386696
267.865191,208,4191.786153
269.146728,165,4193.670996
271.204343,165,4195.573045
303.516454,217,4198.086742
257.6827,194,4200.345862
306.281917,190,4202.557012
285.858721,168,4204.504287
285.154303,209,4206.949554
289.151879,188,4209.160289
254.10227,209,4211.574016
256.408699,159,4213.411741
252.489976,206,4215.833344
308.806776,172,4217.844577
251.635504,172,4219.796901
291.531672,222,4222.37737
276.01,217,4224.897985
310.748143,217,4227.420689
285.816558,203,4229.761929
279.066728,221,4232.413025
277.031224,182,4234.54933
254.43418,184,4236.71745
259.058106,188,4238.855261
245.63093,194,4241.092593
261.15585,175,4243.16315
256.432515,201,4245.471422
306.714303,184,4247.596596
293.947855,219,4250.143776
270.220473,169,4252.126366
281.466866,332,4256.040394
236.245558,186,4258.154103
256.190036,177,4260.278991
260.163897,177,4262.341065
259.963179,203,4264.731227
255.442064,185,4266.903759
301.405998,185,4269.068745
252.994284,217,4271.585606
274.021017,189,4273.755226
285.708516,204,4276.094885
297.912129,173,4278.085972
263.952656,175,4280.111275
273.315086,218,4282.636842
263.500391,177,4284.66123
265.724732,202,4286.968101
304.167154,202,4289.308964
265.879808,196,4291.596577
283.460513,192,4293.781709
245.178532,410,4298.699645
285.138268,188,4300.910389
277.856072,209,4303.359828
273.08261,205,4305.740267
278.351774,190,4307.980632
311.782146,182,4310.10146
248.540471,185,4312.205689
219.87539,330,4316.107203
275.087146,188,4318.271959
267.570069,200,4320.638806
270.242242,169,4322.598965
314.293597,208,4325.030114
251.333612,183,4327.186881
247.790238,191,4329.456158
283.579745,210,4331.902045
292.669027,217,4334.420012
284.682547,208,4336.827066
287.26513,214,4339.34708
288.382109,202,4341.714196
287.66789,248,4344.68373
298.593325,195,4346.960454
265.91851,191,4349.185243
269.714483,195,4351.446268
268.053038,178,4353.521354
291.009747,198,4355.831748
296.142398,198,4358.10731
270.75873,205,4360.457201
291.970437,258,4363.464026
255.078804,186,4365.573217
263.851532,190,4367.781417
261.177105,169,4369.734036
299.759725,220,4372.308876
246.703639,181,4374.41319
275.69101,181,4376.491586
283.478714,217,4379.02851
242.914135,182,4381.164746
275.342259,200,4383.464348
278.567716,186,4385.633705
264.689163,191,4387.861268
296.242844,198,4390.164253
274.398336,208,4392.582979
241.233536,191,4394.786847
269.642792,187,4396.922652
307.784048,196,4399.189248
300.913962,183,4401.316782
305.877041,177,4403.350394
301.232935,224,4405.917534
253.349257,203,4408.283577
280.12557,173,4410.267211
289.954325,211,4412.704683
289.816054,198,4414.978365
246.720149,179,4417.06747
280.143299,215,4419.558283
290.321033,187,4421.736131
277.37859,205,4424.077693
268.110391,201,4426.363186
282.373567,203,4428.68513
301.420037,208,4431.089264
287.206283,220,4433.669014
260.465808,188,4435.847347
250.610723,179,4437.964865
300.668542,269,4441.243531
271.508864,192,4443.431721
238.974804,182,4445.547914
309.189006,182,4447.638533
279.811395,205,4449.985159
250.430417,204,4452.334769
293.462162,225,4454.940299
283.97897,192,4457.155084
278.587925,164,4459.04776
284.334729,222,4461.637433
317.182726,241,4464.503675
298.233123,226,4467.147494
298.396854,218,4469.652818
307.917092,197,4471.932785
222.850657,434,4477.143697
274.673985,211,4479.573588
269.804943,178,4481.609263
305.66666,191,4483.814007
265.051446,207,4486.206434
301.677349,220,4488.76237
259.950823,181,4490.848834
282.93126,216,4493.357208
284.431037,234,4496.092175
311.388176,194,4498.334815
269.93469,185,4500.503838
256.094319,165,4502.413733
306.36576,224,4505.054859
304.52304,206,4507.446032
248.70042,179,4509.50362
269.282963,183,4511.595423
285.500412,170,4513.553873
305.292128,166,4515.445251
292.72655,220,4518.008727
270.319236,179,4520.061423
289.995073,191,4522.277932
254.933753,213,4524.746707
274.843164,192,4526.963246
299.041861,181,4529.072101
282.249481,197,4531.375696
303.928797,202,4533.726551
288.666523,194,4536.003299
227.546173,178,4538.064367
290.635175,207,4540.491076
281.545205,204,4542.845721
263.389729,174,4544.855531
293.628407,185,4546.983699
270.842194,171,4548.938547
275.026966,198,4551.20644
277.019059,176,4553.233362
288.096792,169,4555.201555
305.107138,245,4558.069044
286.977543,178,4560.114915
268.994053,173,4562.08689
258.408581,194,4564.356997
309.234217,178,4566.479711
263.432093,205,4568.88257
297.830933,198,4571.186581
279.417775,207,4573.590832
267.361264,197,4575.86263
311.191993,240,4578.622577
315.507078,228,4581.310042
262.486464,196,4583.574615
251.37696,192,4585.787135
306.281077,219,4588.326211
319.03365,181,4590.441001
275.227321,190,4592.655576
307.122915,213,4595.079538
249.787421,188,4597.276296
308.057936,215,4599.761701
286.709643,175,4601.785872
300.915852,214,4604.265617
304.392993,207,4606.748613
278.488829,204,4609.167315
270.683688,179,4611.251463
262.552415,200,4613.569478
289.200122,184,4615.690597
274.942594,207,4618.06703
285.061412,181,4620.184916
304.648738,218,4622.696384
283.842436,198,4625.032933
286.238727,223,4627.648293
295.418227,186,4629.822329
298.366335,214,4632.304532
275.395684,191,4634.515669
270.181102,177,4636.542121
305.857504,209,4639.095057
263.657398,195,4641.360425
286.658201,201,4643.71607
299.627331,195,4646.008799
277.815374,200,4648.336015
270.504476,200,4650.732647
263.617636,196,4652.945572
275.513673,196,4655.218286
277.167542,212,4657.697386
289.165993,226,4660.363885
281.794774,172,4662.356177
256.858965,171,4664.327151
293.950493,169,4666.318607
286.732242,180,4668.409104
283.2238,163,4670.312067
282.560976,169,4672.280386
263.09,190,4674.464289
284.25398,209,4676.87267
304.992491,173,4678.912601
211.966752,484,4684.747863
287.982982,171,4686.725142
305.846916,190,4688.937159
257.42813,178,4690.991868
295.222718,180,4693.105238
253.509976,203,4695.465157
248.87589,183,4697.571554
264.522478,200,4699.866107
298.492744,211,4702.339663
273.972514,196,4704.631535
281.5083,209,4707.056161
298.620531,216,4709.59056
272.999017,173,4711.584104
269.959945,212,4714.013837
293.868377,197,4716.313187
310.511357,228,4718.914614
270.821215,207,4721.288452
274.663356,216,4723.789307
262.460853,182,4725.868434
319.079796,216,4728.354963
284.369085,191,4730.605826
281.468404,213,4733.069414
262.765659,171,4735.058889
275.271374,203,4737.567002
261.132445,207,4739.987381
286.431068,169,4741.937076
311.145658,198,4744.232245
257.158695,186,4746.390354
295.12115,175,4748.421404
259.452503,163,4750.303339
277.114381,187,4752.462013
274.475806,204,4754.805657
257.391708,183,4756.910847
307.218267,197,4759.188809
268.036585,194,4761.42369
276.450535,175,4763.445094
280.402091,190,4765.646972
292.048738,196,4767.878868
279.094759,223,4770.46293
306.186465,211,4772.913954
286.921054,204,4775.24332
320.376684,222,4777.83252
238.253449,176,4779.851942
252.38625,285,4783.192079
264.966076,188,4785.384282
286.80899,215,4787.859247
309.708295,204,4790.239411
277.101504,190,4792.432267
249.32724,197,4794.68819
259.481296,176,4796.741749
245.987276,174,4798.739881
240.063056,190,4800.963812
280.355459,196,4803.254838
263.50906,185,4805.439045
280.367047,176,4807.465754
297.411486,209,4809.917449
265.921269,211,4812.377376
273.377596,223,4814.949724
252.897233,205,4817.307328
326.835983,220,4819.848101
245.471565,200,4822.172416
290.497537,201,4824.514446
269.056502,188,4826.694373
304.91352,212,4829.191927
290.53265,219,4831.770073
296.853194,201,4834.094074
322.666402,217,4836.653232
283.365021,164,4838.553202
279.409062,221,4841.10514
295.834185,225,4843.728485
306.973808,184,4845.869845
311.126167,233,4848.585918
260.602306,185,4850.691463
255.888208,186,4852.855579
304.291814,206,4855.244894
303.315166,167,4857.190699
248.461109,190,4859.391923
298.779723,221,4861.958081
277.335265,210,4864.414016
278.646028,218,4866.994693
288.870569,203,4869.361229
282.061397,173,4871.371387
301.920832,186,4873.562342
266.054429,169,4875.547388
265.883738,204,4877.935141
281.944348,226,4880.551218
283.107517,172,4882.548923
268.967865,180,4884.636856
291.198993,196,4886.88202
293.972883,210,4889.335667
250.93691,195,4891.570667
307.880379,182,4893.6779
297.937944,210,4896.107138
236.512686,178,4898.137405
286.686669,182,4900.250753
292.079695,201,4902.627804
303.106936,175,4904.646684
280.955183,177,4906.690416
283.247281,207,4909.069676
268.677034,193,4911.302475
270.703437,213,4913.782866
275.644882,176,4915.796564
283.127682,215,4918.263644
258.116722,169,4920.222239
293.246194,215,4922.70803
285.206014,218,4925.262245
305.531564,230,4927.939061
298.155715,210,4930.370622
296.810917,222,4932.979325
314.575726,217,4935.529643
270.511547,220,4938.097675
284.951257,231,4940.773995
245.322658,164,4942.660112
300.474341,190,4944.908229
233.210902,183,4947.039153
299.046279,234,4949.800303
263.964312,202,4952.17494
245.580972,176,4954.220835
274.22024,214,4956.752406
254.732589,178,4958.82185
297.256826,205,4961.259675
262.363698,201,4963.576533
267.219928,211,4966.043207
299.787812,214,4968.507142
296.585405,174,4970.529306
312.964707,198,4972.843404
309.284618,195,4975.111116
247.551508,180,4977.147731
252.41383,164,4979.007859
300.365408,217,4981.5144
303.242307,166,4983.42721
275.192126,167,4985.333983
312.905118,182,4987.46848
274.068199,207,4989.840316
284.660177,227,4992.482787
289.87593,226,4995.110321
293.699203,192,4997.369027
274.32508,183,4999.482832
311.33637,212,5001.913776
290.830582,192,5004.110038
289.929604,216,5006.577392
291.573746,187,5008.722559
280.871585,222,5011.314724
297.669263,176,5013.341913
305.006058,187,5015.524854
280.480855,180,5017.640351
287.22378,196,5019.90044
263.979847,202,5022.228863
281.663499,164,5024.144008
259.469371,190,5026.350094
256.657196,179,5028.441171
267.058574,200,5030.75807
248.588043,201,5033.086547
297.613091,187,5035.251648
291.604408,243,5038.188643
311.446477,210,5040.710903
263.593808,198,5042.986834
295.730071,214,5045.455217
266.865649,186,5047.60961
265.004018,185,5049.742301
299.496182,214,5052.240207
285.800691,206,5054.609273
314.335495,228,5057.23731
276.037045,172,5059.20988
292.671867,208,5061.627836
306.150942,217,5064.133663
275.110841,212,5066.600808
267.394714,176,5068.647604
243.693903,221,5071.24486
299.785695,188,5073.437244
278.512389,190,5075.647183
276.8369,206,5078.072821
251.767469,188,5080.226077
297.154737,209,5082.660953
289.464733,186,5084.81488
276.447788,206,5087.191587
319.440031,177,5089.216764
284.904198,172,5091.194701
289.750934,228,5093.846295
315.107897,182,5095.948072
233.815728,168,5097.869087
255.839033,146,5099.541336
293.444997,205,5101.920294
278.98241,273,5105.117953
317.25824,210,5107.549974
277.605838,183,5109.700849
310.252994,184,5111.835414
265.842146,182,5113.920361
280.8491,204,5116.25411
288.539951,202,5118.625824
319.327952,183,5120.752733
309.704322,183,5122.863284
268.177594,223,5125.45001
237.059257,171,5127.443774
258.698587,183,5129.581312
268.553216,204,5131.996712
279.906998,195,5134.314163
286.579757,216,5136.854217
300.915532,187,5139.009889
300.488704,207,5141.404822
287.108913,174,5143.413355
262.35525,209,5145.824895
302.097485,217,5148.328526
294.839801,178,5150.395964
278.388292,219,5152.922702
279.421308,206,5155.322555
281.14663,214,5157.800867
257.976864,194,5160.057279
267.122194,211,5162.461019
307.887877,204,5164.825748
298.794541,210,5167.318849
278.300041,202,5169.666625
255.349584,209,5172.083019
266.283128,218,5174.589853
323.395051,175,5176.655948
260.672046,184,5178.810476
316.345558,186,5180.983337
281.769571,199,5183.300762
269.77574,207,5185.741674
236.907902,182,5187.841576
253.378029,186,5189.990115
263.294208,200,5192.292934
261.469434,190,5194.479187
279.481025,209,5196.948685
300.522078,219,5199.491686
300.062614,210,5201.90166
294.492694,220,5204.475908
269.608685,202,5206.793748
276.138999,207,5209.185474
260.306262,182,5211.271775
276.962697,179,5213.336485
304.008414,211,5215.760117
272.818521,204,5218.120963
315.261129,213,5220.60934
266.85783,188,5222.772903
303.765091,178,5224.813913
284.200163,193,5227.072737
280.381981,209,5229.492708
276.949301,169,5231.446606
306.331845,212,5233.899869
239.862277,178,5235.953575
280.288928,213,5238.415827
254.0913,182,5240.507247
293.521623,224,5243.090662
238.476241,194,5245.361276
259.345304,201,5247.685266
307.738044,191,5249.902531
295.849471,167,5251.820685
279.852134,171,5253.769557
260.711806,180,5255.833396
314.832523,227,5258.453601
302.615695,176,5260.558259
289.0404,212,5263.064714
240.706722,191,5265.288267
307.921668,203,5267.703816
287.84752,171,5269.71018
278.717883,174,5271.786642
265.644686,191,5273.967212
273.02295,135,5275.527592
310.434794,190,5277.777851
257.853303,194,5280.028826
251.585299,179,5282.081553
252.301126,163,5283.937587
277.766224,204,5286.269168
267.942242,174,5288.266258
291.265942,194,5290.532658
265.854068,214,5293.005462
297.523856,174,5294.997696
284.227666,206,5297.354534
285.581239,223,5299.953838
303.022192,173,5301.968812
292.946344,203,5304.297599
306.266711,177,5306.332314
292.990027,209,5308.752465
278.62892,162,5310.624538
309.904924,220,5313.162494
315.219561,166,5315.076294
283.440985,179,5317.19667
279.922913,222,5319.772619
286.144723,204,5322.137075
246.0322,191,5324.339389
284.04334,195,5326.619585
298.311246,167,5328.537021
262.977691,178,5330.580999
264.63808,193,5332.835261
258.740084,178,5334.875634
259.668837,171,5336.863245
269.594973,184,5339.026473
308.798884,201,5341.36692
303.093382,212,5343.829959
230.040605,801,5353.75014
276.684495,164,5355.63141
319.209917,176,5357.692653
280.488094,164,5359.571858
316.357447,165,5361.478065
294.693282,169,5363.409921
273.132869,212,5365.901446
300.730581,228,5368.571706
289.492175,198,5370.878473
258.180654,178,5372.923994
302.208681,206,5375.309322
304.843732,197,5377.623833
295.50346,197,5379.911976
313.164627,178,5381.989346
255.62675,190,5384.149562
265.021503,168,5386.068183
286.388811,188,5388.250249
249.0112,179,5390.292826
296.273715,186,5392.449052
270.186378,184,5394.55136
281.861913,203,5396.904948
293.401715,215,5399.386551
293.483878,202,5401.736151
306.1787,160,5403.588228
316.004032,212,5406.059252
318.989956,179,5408.132292
291.399903,204,5410.523862
271.978846,195,5412.821346
262.000985,188,5414.976315
300.346594,165,5416.874701
263.88221,166,5418.789641
295.219784,171,5420.783575
252.224379,178,5422.801169
239.944628,181,5424.899153
274.950498,169,5426.854842
283.794153,203,5429.200419
259.362443,158,5431.064601
307.156341,223,5433.68686
304.840147,174,5435.705003
274.916421,197,5437.995025
285.674848,176,5440.058693
274.393583,209,5442.505535
267.451653,175,5444.528297
288.178894,210,5446.963828
260.114289,159,5448.774873
282.431612,175,5450.779862
286.67094,207,5453.198226
276.919097,204,5455.559215
286.660198,215,5458.059392
308.172089,215,5460.522676
304.695807,180,5462.573186
242.936878,173,5464.598406
310.981923,202,5466.962267
272.574536,201,5469.280364
251.359708,188,5471.445146
271.832821,191,5473.657327
283.634482,163,5475.544002
274.576127,207,5477.933249
254.000369,154,5479.695252
297.317432,195,5481.975942
266.395335,171,5483.912248
282.280258,210,5486.342894
283.346395,197,5488.589363
316.677091,208,5490.965632
311.497879,176,5493.008656
292.276542,195,5495.241453
278.100582,201,5497.606592
302.481053,183,5499.696231
266.160093,201,5502.026977
279.772023,188,5504.195405
269.397644,184,5506.312251
294.611359,193,5508.513179
288.248179,163,5510.382238
290.163146,157,5512.201298
307.467631,188,5514.389278
238.508423,173,5516.395539
273.211903,200,5518.706253
305.611137,210,5521.123096
301.41393,220,5523.70093
303.618978,212,5526.170848
246.144608,179,5528.20903
281.389574,185,5530.373369
317.564008,222,5532.95037
278.83689,187,5535.094532
271.437771,190,5537.282488
245.67393,171,5539.227612
278.250183,160,5541.050467
240.907454,182,5543.165935
291.092518,163,5545.030361
263.240822,164,5546.929452
285.367238,184,5549.031706
254.875031,173,5550.987394
316.676587,226,5553.569292
274.152258,152,5555.305173
284.66207,165,5557.254384
246.523529,158,5559.046298
285.678555,169,5561.010138
255.723302,191,5563.197035
296.931599,212,5565.645024
281.570302,168,5567.58719
280.87018,210,5569.993271
279.936632,194,5572.34104
248.200819,176,5574.358127
264.81657,184,5576.511571
286.012913,153,5578.26582
303.550734,205,5580.681367
277.772119,180,5582.83673
254.215413,162,5584.701609
245.096426,171,5586.677045
321.442459,159,5588.496078
307.943403,205,5590.896959
276.298715,181,5592.99364
238.72584,171,5594.971328
268.729086,169,5596.950222
304.95183,200,5599.273624
287.945909,204,5601.655184
310.4564,181,5603.754831
285.778236,193,5606.000296
274.350771,210,5608.417232
288.213956,194,5610.644763
306.503451,166,5612.528972
301.110284,216,5615.033782
286.741115,200,5617.327702
282.065485,185,5619.456204
294.958424,179,5621.542314
260.388166,167,5623.477055
269.127673,168,5625.419946
258.65793,179,5627.471962
288.247229,166,5629.42369
301.158161,170,5631.399411
316.070006,216,5633.887618
292.368487,190,5636.077106
310.348805,200,5638.501898
278.603022,188,5640.657445
276.207908,185,5642.774601
274.771307,156,5644.624261
275.099398,198,5646.939092
284.008396,194,5649.189854
307.600511,177,5651.245564
284.282598,165,5653.126422
288.107134,206,5655.474485
256.528699,190,5657.655854
269.421457,167,5659.581123
290.045436,171,5661.587342
291.619471,203,5663.936231
237.166321,172,5665.934375
262.923696,193,5668.14223
253.254921,165,5670.029298
260.467724,193,5672.267784
290.596033,213,5674.734567
267.138038,200,5677.075079
280.626928,162,5678.961028
317.499225,223,5681.576035
237.028054,179,5683.635469
271.819318,173,5685.626322
305.893165,193,5687.871101
257.552581,185,5690.0272
257.754621,159,5691.83766
245.985129,282,5695.153272
320.665936,184,5697.295198
235.579874,165,5699.184123
275.921564,177,5701.238413
286.77498,170,5703.19721
288.978171,183,5705.315916
290.344523,184,5707.454395
310.976171,187,5709.61458
264.86149,164,5711.50333
278.20349,195,5713.767025
285.311194,180,5715.849854
283.93573,211,5718.291899
266.607559,185,5720.414715
288.576189,173,5722.409825
244.109477,184,5724.530977
286.781916,194,5726.764209
312.041435,153,5728.568803
252.976485,172,5730.608039
275.25498,187,5732.770426
287.601945,221,5735.325932
270.949772,164,5737.247003
299.820076,163,5739.135243
268.214873,177,5741.190372
302.436111,201,5743.50359
274.424379,192,5745.711714
267.375376,205,5748.060722
267.059081,195,5750.301723
229.715057,186,5752.44372
271.271256,176,5754.484926
263.340451,183,5756.580189
247.721006,168,5758.516588
276.314532,217,5761.048449
280.883972,173,5763.059086
306.993738,208,5765.466089
248.15522,170,5767.403934
310.027192,204,5769.761293
300.788955,217,5772.282538
264.685413,169,5774.232617
288.394434,204,5776.633515
299.252247,183,5778.768277
302.290265,187,5780.942542
278.475229,186,5783.076628
253.528679,187,5785.230089
314.413519,234,5788.024867
262.785422,184,5790.150754
317.828246,210,5792.614006
280.176625,187,5794.800773
287.74499,225,5797.435472
293.401712,208,5799.837314
306.900949,202,5802.177781
264.325712,178,5804.23594
260.283368,198,5806.50582
279.677622,163,5808.373368
272.485381,166,5810.269158
258.896317,417,5815.199422
275.098844,194,5817.41466
243.911121,180,5819.525652
265.654668,207,5821.927816
280.288403,177,5823.990646
316.803034,202,5826.375864
260.007128,176,5828.409641
317.897616,172,5830.417638
255.010252,192,5832.644666
315.166145,170,5834.631839
313.648995,208,5837.039194
291.964866,214,5839.570018
316.063673,192,5841.831546
260.952251,182,5843.93981
231.513962,195,5846.220162
244.841387,562,5852.958051
252.317411,151,5854.694212
275.579286,174,5856.716454
292.680315,170,5858.676486
247.16298,178,5860.749462
271.202769,243,5863.556829
284.166093,195,5865.787292
302.587507,186,5867.934144
292.823659,206,5870.30644
318.727987,181,5872.419254
279.192167,184,5874.532282
243.991041,159,5876.341748
271.550229,239,5879.17026
278.605157,191,5881.352892
302.194019,164,5883.332844
318.824411,170,5885.317924
275.505788,208,5887.752565
280.918462,182,5889.860633
285.882903,225,5892.564173
294.99857,183,5894.758619
260.590283,186,5896.8916
307.297605,221,5899.473019
282.502962,156,5901.259106
270.929193,197,5903.498051
241.789895,167,5905.389452
254.64394,167,5907.310627
260.238038,186,5909.43687
285.234926,159,5911.249469
298.997433,183,5913.364227
258.571825,190,5915.583102
293.675984,201,5917.908782
311.674821,167,5919.841696
316.302377,174,5921.867346
291.590592,164,5923.777226
282.174031,201,5926.127141
297.235433,166,5928.020324
233.953891,187,5930.168844
266.741181,189,5932.36775
254.749807,174,5934.362649
245.106193,172,5936.365477
273.84351,189,5938.62183
262.794399,188,5940.863078
296.491053,192,5943.074076
266.280434,192,5945.290603
295.777298,212,5947.735551
283.461869,169,5949.684924
267.357848,161,5951.51679
292.318004,216,5954.037827
275.249852,188,5956.194721
275.740185,236,5958.960244
296.457197,201,5961.374482
231.280251,206,5963.757487
239.205457,169,5965.700794
258.898446,158,5967.507468
234.178927,559,5974.332872
256.828109,199,5976.608828
319.18303,173,5978.614895
301.172707,228,5981.265259
299.204197,200,5983.560185
311.31962,176,5985.617818
265.339635,167,5987.550209
252.44147,194,5989.790353
280.273845,201,5992.138795
262.231175,174,5994.149375
299.145936,200,5996.494382
275.518395,192,5998.711083
250.96955,160,6000.576231
292.822355,194,6002.833031
276.763464,178,6004.87413
265.945149,211,6007.296675
241.556207,160,6009.118066
270.067296,201,6011.944625
291.833657,191,6012.161888
304.326457,183,6012.37187
231.256647,213,6012.644474
298.53428,174,6012.840414
301.909628,174,6013.030629
292.960025,202,6013.245408
283.130684,237,6013.50846
299.605544,189,6013.729068
247.241546,182,6013.90931
278.969217,196,6014.119356
254.489167,194,6014.319074
266.194001,197,6014.523846
284.010227,168,6014.699859
235.731009,157,6014.854266
287.066718,180,6015.040072
289.06053,196,6015.252281
263.682647,188,6015.432306
301.957443,175,6015.619572
315.624734,223,6015.864939
275.432041,195,6016.06457
266.272534,148,6016.212351
263.756377,194,6016.405421
270.381165,177,6016.596623
257.343328,178,6016.78843
256.030423,151,6016.940481
289.981623,205,6017.154106
263.746854,195,6017.367155
317.480186,218,6017.611134
304.165287,213,6017.867572
237.855075,163,6018.033905
316.116222,229,6018.299286
311.807998,219,6018.544243
292.765255,206,6018.777351
264.790493,165,6018.951635
308.702456,181,6019.141318
296.890303,198,6019.36281
306.434052,210,6019.597789
273.51924,202,6019.817565
266.392898,189,6020.008492
286.721028,201,6020.224081
266.477298,206,6020.464899
245.709258,160,6020.634746
286.598488,201,6020.847226
269.962366,190,6021.043452
315.286888,172,6021.228223
270.79321,163,6021.400122
306.144491,229,6021.684285
319.565638,177,6021.884974
251.623109,171,6022.065447
301.545752,210,6022.295644
273.94379,201,6022.527783
270.326292,150,6022.680541
301.367064,228,6022.925576
280.660589,162,6023.095008
261.065335,167,6023.270897
267.783546,189,6023.459247
278.218353,210,6023.69322
278.471382,184,6023.895263
285.365302,176,6024.081285
245.168218,155,6024.234227
280.353697,232,6024.525644
273.366907,189,6024.735594
283.546057,169,6024.911807
242.913684,169,6025.092664
261.300406,187,6025.276766
307.803696,173,6025.463578
310.408804,190,6025.713249
240.074035,159,6025.872249
306.110972,173,6026.080361
296.680709,202,6026.297864
232.71584,201,6026.51
294.139411,202,6026.741559
289.391228,829,6028.095628
315.591167,221,6028.346658
254.530518,143,6028.489384
309.577076,225,6028.758296
284.829269,161,6028.926343
275.644602,201,6029.153322
305.158095,189,6029.355802
308.471734,211,6029.596656
272.629964,172,6029.789032
301.824958,166,6029.973585
283.244766,192,6030.188183
301.542338,189,6030.400657
232.732548,160,6030.563891
285.633398,206,6030.778018
288.580065,167,6030.958702
292.050889,189,6031.169354
268.164525,206,6031.389286
254.181155,174,6031.569217
310.270638,205,6031.807046
281.453083,189,6032.010988
258.28589,189,6032.204988
283.116919,196,6032.418029
296.830337,212,6032.647557
236.760679,175,6032.823992
241.067151,178,6032.998874
283.547202,193,6033.194953
299.186478,194,6033.425421
257.783051,194,6033.62348
257.635612,165,6033.781295
257.112679,193,6033.977615
266.234724,189,6034.166007
285.742496,196,6034.394242
274.524608,144,6034.53607
253.048227,219,6034.789684
274.195596,187,6034.968799
311.893517,174,6035.16664
321.509574,178,6035.366759
266.34468,168,6035.544722
294.697024,204,6035.777845
318.149322,217,6036.013146
218.936949,187,6036.210815
281.438545,178,6036.398515
257.443441,168,6036.570542
258.356113,174,6036.749976
266.008824,189,6036.948645
264.685074,161,6037.130775
302.77156,184,6037.328731
317.883368,222,6037.587455
270.54748,187,6037.782601
241.886523,223,6038.04912
263.420908,608,6038.85283
282.451627,192,6039.053333
239.432538,210,6039.278951
273.341724,201,6039.507088
311.17649,198,6039.727072
271.155625,189,6039.933756
285.820784,188,6040.132289
226.843084,168,6040.304332
304.782073,192,6040.513758
268.686332,206,6040.76561
300.915377,190,6040.972953
294.191811,210,6041.195747
251.919298,192,6041.39766
276.467159,189,6041.595903
294.399265,201,6041.820995
282.141411,207,6042.033329
294.186494,188,6042.237254
289.825177,195,6042.441605
277.418198,202,6042.651659
312.164432,178,6042.847386
267.054776,182,6043.033424
272.940966,175,6043.219282
242.302423,170,6043.392682
245.123202,186,6043.598857
316.758721,226,6043.879455
281.94479,176,6044.066268
273.736143,195,6044.279974
285.016438,177,6044.47488
246.369318,182,6044.654393
265.830857,164,6044.831924
295.696164,205,6045.048264
249.148029,198,6045.25737
254.317222,181,6045.449419
234.843805,163,6045.614323
286.489558,197,6045.83383
266.35097,188,6046.036094
302.030317,192,6046.246378
297.86343,219,6046.470736
268.934881,163,6046.641723
260.454903,220,6046.898177
301.576875,175,6047.093049
236.144822,165,6047.254941
261.435018,188,6047.449893
274.093625,216,6047.689672
314.491235,227,6047.941402
318.239581,224,6048.192802
276.362252,148,6048.337163
300.61105,200,6048.547388
306.583982,210,6048.764853
295.325074,183,6048.970294
307.141208,179,6049.171002
319.517508,251,6049.443592
268.139896,196,6049.655602
297.367817,189,6049.860618
313.41564,213,6050.094253
309.116802,176,6050.286389
287.668005,206,6050.50612
303.728404,206,6050.734894
234.921242,169,6050.907847
242.080307,175,6051.095024
257.188656,155,6051.250336
284.63741,210,6051.477391
280.603122,167,6051.654289
312.209027,212,6051.87907
270.117895,197,6052.08583
241.397965,172,6052.258778
250.344519,303,6052.631338
304.779042,197,6052.854382
288.859619,192,6053.063553
272.064372,177,6053.255837
276.160392,198,6053.471177
313.713112,230,6053.71452
248.819595,196,6053.931105
304.222404,194,6054.154687
309.747419,189,6054.369615
303.012024,180,6054.572793
251.206063,184,6054.780965
279.192781,189,6054.979098
234.154411,178,6055.165765
269.272373,169,6055.332672
259.363538,157,6055.498216
306.758043,215,6055.728819
273.940227,205,6055.96454
303.068571,157,6056.135458
254.584812,177,6056.312887
277.281351,162,6056.48011
299.302365,196,6056.687875
293.844018,173,6056.868846
236.934529,208,6057.093201
278.385924,167,6057.265905
269.349803,260,6057.640926
272.182107,186,6057.856289
308.509123,224,6058.141212
310.3865,222,6058.396852
253.825801,170,6058.572093
252.269735,212,6058.811793
260.612915,186,6059.002612
266.210157,187,6059.194613
261.38175,185,6059.396573
289.112613,996,6060.788882
321.019696,169,6060.969775
284.97718,173,6061.154813
249.822237,181,6061.341714
310.724981,212,6061.592776
293.62147,168,6061.770732
274.660741,173,6061.973994
307.250537,197,6062.192838
285.253427,196,6062.394343
262.606136,179,6062.576724
240.127081,211,6062.796277
239.176776,179,6062.977545
307.339593,204,6063.1984
279.242994,198,6063.405758
232.897054,207,6063.628979
243.766841,177,6063.81671
262.789029,165,6063.992162
280.619999,205,6064.22008
279.766304,156,6064.38068
276.306373,265,6064.726271
292.670275,205,6064.950083
277.175713,679,6065.904028
305.241725,182,6066.113657
323.875064,175,6066.309069
319.023401,172,6066.492095
264.087235,195,6066.689178
268.837044,184,6066.894491
253.577052,207,6067.120744
287.393178,193,6067.3273
271.710941,204,6067.533759
238.202712,623,6068.359557
295.940712,164,6068.537099
282.387345,215,6068.777754
258.119195,185,6068.973176
300.922561,194,6069.197737
253.845766,178,6069.366017
297.198453,183,6069.566929
299.024825,187,6069.77341
276.92348,187,6069.978923
274.258893,171,6070.163754
292.894878,201,6070.383752
291.661759,199,6070.604399
310.128571,172,6070.795674
290.247047,216,6071.020661
310.826815,198,6071.251061
232.540303,176,6071.428972
263.339525,208,6071.654652
274.540562,163,6071.829344
289.307589,178,6072.018797
216.075681,220,6072.277791
250.920787,172,6072.451682
285.00237,177,6072.649339
292.068743,200,6072.872264
232.347137,171,6073.041055
235.89522,193,6073.24333
271.372596,198,6073.456978
268.096006,191,6073.655834
275.895507,188,6073.849608
255.386087,172,6074.013657
272.701535,168,6074.197268
274.543881,188,6074.384244
294.617065,181,6074.586892
234.300337,172,6074.763201
253.589135,165,6074.936555
261.487338,185,6075.124217
274.892177,195,6075.328206
280.667433,217,6075.595883
292.274353,191,6075.816407
310.887638,209,6076.07478
286.1667,181,6076.282706
261.679142,169,6076.46361
288.256997,202,6076.678915
241.068753,213,6076.928123
298.777514,217,6077.174543
260.131513,244,6077.48736
310.926312,195,6077.708754
266.81412,186,6077.904909
297.905591,210,6078.125584
259.871626,190,6078.328393
304.9191,180,6078.524945
316.251934,178,6078.718631
246.09591,154,6078.863857
255.650367,154,6079.019718
-213.97045,232,6079.301255
289.601794,215,6079.53121
232.630823,173,6079.70153
270.019032,228,6079.984898
281.364841,146,6080.133444
265.306313,189,6080.342372
286.783526,188,6080.53776
286.294302,202,6080.75144
266.147044,181,6080.932968
269.429274,167,6081.104197
314.398196,228,6081.36595
243.59738,181,6081.554409
283.686186,189,6081.753939
269.833126,179,6081.924439
312.478798,195,6082.147266
224.877706,202,6082.373899
264.501898,165,6082.551254
251.938773,184,6082.733117
303.013879,170,6082.920764
305.63835,175,6083.104938
302.425635,184,6083.309321
243.331759,179,6083.505316
261.117068,179,6083.680386
278.005132,181,6083.879921
234.719015,189,6084.086217
290.136417,201,6084.29433
250.836798,269,6084.647696
265.06721,156,6084.809203
239.673855,181,6084.990234
264.997269,192,6085.192527
273.207338,202,6085.428941
46.490811,116,6085.547582
279.349903,911,6087.142033
253.819836,185,6087.337089
287.381904,190,6087.549714
271.670175,193,6087.740206
297.362448,203,6087.960631
276.41134,192,6088.16108
271.295452,200,6088.368336
287.891715,191,6088.576042
292.902026,179,6088.775167
252.727092,182,6088.95762
232.847301,172,6089.128016
263.166546,238,6089.405288
308.312884,178,6089.595098
304.546821,196,6089.80225
319.188058,243,6090.079399
298.682912,172,6090.26401
294.06811,219,6090.523984
234.07395,196,6090.734745
286.266457,167,6090.921705
291.967669,199,6091.15582
267.184674,157,6091.325037
248.197289,163,6091.498853
269.276601,152,6091.657308
306.862243,180,6091.861603
281.606145,208,6092.099304
268.063314,190,6092.315465
317.615165,179,6092.522314
290.108675,179,6092.71492
272.381428,193,6092.919128
254.825918,159,6093.081665
316.753555,174,6093.27036
230.834378,190,6093.470713
313.259509,217,6093.718785
288.534446,186,6093.919149
250.815245,178,6094.108367
246.719309,159,6094.266377
301.938874,174,6094.466576
284.384015,217,6094.713904
267.873712,248,6094.973707
287.337802,181,6095.170737
277.942768,197,6095.386453
277.532201,182,6095.600321
285.487722,165,6095.778552
290.133106,212,6095.99543
292.277935,185,6096.203116
299.131394,183,6096.401974
296.116852,174,6096.594105
290.64245,210,6096.813343
289.299445,190,6097.028576
311.204365,220,6097.285171
291.506935,192,6097.531767
248.446788,181,6097.724482
277.675184,174,6097.902681
274.30446,204,6098.124324
257.34552,193,6098.322075
255.270306,174,6098.504948
278.19593,210,6098.724966
284.641313,145,6098.867241
283.702274,201,6099.070903
293.279925,217,6099.295823
296.133441,210,6099.529759
288.832394,194,6099.753426
239.314315,173,6099.920945
260.900456,190,6100.127481
214.209398,534,6100.798299
314.035368,189,6101.008358
303.229492,167,6101.188014
302.917387,206,6101.413493
289.473937,212,6101.654323
298.305957,176,6101.837389
159.804456,746,6103.824886
306.038661,195,6104.037753
289.099295,192,6104.24056
242.243373,183,6104.416698
300.194088,183,6104.623838
306.747788,207,6104.863216
269.152497,192,6105.077198
284.432972,172,6105.257241
298.630065,203,6105.477175
246.666662,304,6105.870382
267.721642,184,6106.053085
294.020409,198,6106.277595
254.063898,158,6106.435682
235.281312,169,6106.610126
282.066228,207,6106.830304
269.117222,189,6107.033947
292.877544,177,6107.235322
286.853997,161,6107.405347
311.477495,185,6107.617404
285.335897,176,6107.801555
276.736818,181,6107.993267
309.707997,214,6108.217543
298.330634,199,6108.439592
291.358448,222,6108.664428
283.379558,186,6108.859642
232.281409,173,6109.030562
291.11607,179,6109.224731
318.421603,223,6109.486678
306.323085,200,6109.714304
251.702543,218,6109.960841
273.548244,198,6110.167626
294.370631,185,6110.36745
302.613733,218,6110.608458
263.811117,192,6110.810923
266.959241,171,6110.993241
243.343994,134,6111.128389
307.979255,194,6111.3353
264.288999,316,6111.782944
279.253573,198,6112.000279
230.333371,167,6112.170109
316.056467,171,6112.356485
283.394529,207,6112.566612
307.300482,222,6112.82149
297.109163,194,6113.040129
278.313219,167,6113.216928
281.127915,215,6113.458624
248.131772,575,6114.308087
234.363024,175,6114.482912
254.026905,160,6114.643038
246.39749,190,6114.846874
305.14203,207,6115.071094
312.096813,193,6115.293079
287.289918,180,6115.481337
231.903493,168,6115.649411
284.603928,598,6116.548926
240.91786,175,6116.726324
244.748351,174,6116.905152
304.157126,180,6117.104866
318.446378,169,6117.292662
306.16811,217,6117.531119
321.875007,224,6117.795288
244.974019,180,6117.97647
275.507622,197,6118.180289
235.284866,182,6118.372015
292.77684,177,6118.566257
316.142063,181,6118.781084
308.252194,176,6118.973133
266.34302,204,6119.183245
304.729753,183,6119.377856
252.678594,179,6119.570252
245.641237,194,6119.773884
225.584005,170,6119.945918
262.504497,181,6120.14078
285.615109,190,6120.346968
304.340151,192,6120.544007
233.004528,162,6120.700751
300.777257,208,6120.918072
248.291616,183,6121.098979
265.728572,190,6121.288413
275.135849,197,6121.495346
308.674627,190,6121.704922
298.269034,185,6121.904712
261.33515,169,6122.08286
286.726065,187,6122.289616
285.437915,205,6122.499412
296.295345,187,6122.697808
291.501713,199,6122.928633
276.667174,191,6123.125142
287.38302,186,6123.329118
282.628614,183,6123.527915
305.135015,225,6123.768803
